,lsoa
0,E01000001
1,E01000002
2,E01000003
3,E01000005
4,E01000006
5,E01000007
6,E01000008
7,E01000009
8,E01000010
9,E01000011
10,E01000012
11,E01000013
12,E01000014
13,E01000015
14,E01000016
15,E01000017
16,E01000018
17,E01000019
18,E01000020
19,E01000021
20,E01000022
21,E01000023
22,E01000024
23,E01000025
24,E01000027
25,E01000028
26,E01000029
27,E01000030
28,E01000031
29,E01000032
30,E01000033
31,E01000034
32,E01000035
33,E01000036
34,E01000037
35,E01000038
36,E01000039
37,E01000040
38,E01000041
39,E01000042
40,E01000043
41,E01000044
42,E01000045
43,E01000046
44,E01000048
45,E01000049
46,E01000050
47,E01000051
48,E01000052
49,E01000053
50,E01000054
51,E01000055
52,E01000056
53,E01000057
54,E01000058
55,E01000059
56,E01000060
57,E01000061
58,E01000062
59,E01000063
60,E01000064
61,E01000065
62,E01000066
63,E01000067
64,E01000068
65,E01000069
66,E01000070
67,E01000071
68,E01000072
69,E01000073
70,E01000074
71,E01000075
72,E01000076
73,E01000077
74,E01000078
75,E01000079
76,E01000080
77,E01000081
78,E01000082
79,E01000083
80,E01000084
81,E01000085
82,E01000086
83,E01000087
84,E01000088
85,E01000089
86,E01000090
87,E01000091
88,E01000092
89,E01000093
90,E01000094
91,E01000095
92,E01000096
93,E01000097
94,E01000098
95,E01000099
96,E01000100
97,E01000101
98,E01000102
99,E01000103
100,E01000104
101,E01000105
102,E01000106
103,E01000107
104,E01000108
105,E01000109
106,E01000110
107,E01000111
108,E01000112
109,E01000113
110,E01000114
111,E01000115
112,E01000116
113,E01000117
114,E01000118
115,E01000119
116,E01000120
117,E01000121
118,E01000122
119,E01000123
120,E01000124
121,E01000125
122,E01000126
123,E01000127
124,E01000128
125,E01000129
126,E01000130
127,E01000131
128,E01000132
129,E01000133
130,E01000134
131,E01000135
132,E01000136
133,E01000137
134,E01000138
135,E01000139
136,E01000140
137,E01000141
138,E01000142
139,E01000143
140,E01000144
141,E01000145
142,E01000146
143,E01000147
144,E01000148
145,E01000150
146,E01000151
147,E01000152
148,E01000153
149,E01000154
150,E01000155
151,E01000156
152,E01000157
153,E01000158
154,E01000159
155,E01000160
156,E01000161
157,E01000162
158,E01000163
159,E01000164
160,E01000165
161,E01000166
162,E01000167
163,E01000168
164,E01000169
165,E01000170
166,E01000171
167,E01000172
168,E01000173
169,E01000174
170,E01000175
171,E01000176
172,E01000177
173,E01000178
174,E01000179
175,E01000180
176,E01000181
177,E01000182
178,E01000183
179,E01000184
180,E01000185
181,E01000186
182,E01000187
183,E01000188
184,E01000189
185,E01000190
186,E01000191
187,E01000192
188,E01000193
189,E01000194
190,E01000195
191,E01000196
192,E01000197
193,E01000198
194,E01000199
195,E01000200
196,E01000201
197,E01000202
198,E01000203
199,E01000204
200,E01000205
201,E01000206
202,E01000207
203,E01000208
204,E01000209
205,E01000210
206,E01000211
207,E01000212
208,E01000213
209,E01000214
210,E01000215
211,E01000216
212,E01000217
213,E01000218
214,E01000219
215,E01000220
216,E01000221
217,E01000222
218,E01000223
219,E01000224
220,E01000225
221,E01000226
222,E01000227
223,E01000228
224,E01000229
225,E01000230
226,E01000231
227,E01000232
228,E01000233
229,E01000234
230,E01000235
231,E01000236
232,E01000237
233,E01000238
234,E01000239
235,E01000240
236,E01000241
237,E01000242
238,E01000243
239,E01000244
240,E01000245
241,E01000246
242,E01000247
243,E01000248
244,E01000249
245,E01000250
246,E01000251
247,E01000252
248,E01000253
249,E01000254
250,E01000255
251,E01000256
252,E01000257
253,E01000258
254,E01000259
255,E01000260
256,E01000261
257,E01000262
258,E01000263
259,E01000264
260,E01000265
261,E01000266
262,E01000267
263,E01000268
264,E01000269
265,E01000270
266,E01000271
267,E01000272
268,E01000273
269,E01000274
270,E01000275
271,E01000276
272,E01000277
273,E01000278
274,E01000279
275,E01000280
276,E01000281
277,E01000282
278,E01000283
279,E01000284
280,E01000285
281,E01000286
282,E01000287
283,E01000288
284,E01000289
285,E01000290
286,E01000291
287,E01000292
288,E01000293
289,E01000294
290,E01000295
291,E01000296
292,E01000297
293,E01000298
294,E01000299
295,E01000300
296,E01000301
297,E01000302
298,E01000303
299,E01000304
300,E01000305
301,E01000306
302,E01000307
303,E01000308
304,E01000309
305,E01000310
306,E01000311
307,E01000312
308,E01000313
309,E01000314
310,E01000315
311,E01000316
312,E01000317
313,E01000318
314,E01000319
315,E01000320
316,E01000321
317,E01000322
318,E01000323
319,E01000324
320,E01000325
321,E01000326
322,E01000327
323,E01000328
324,E01000329
325,E01000330
326,E01000331
327,E01000332
328,E01000333
329,E01000334
330,E01000335
331,E01000336
332,E01000337
333,E01000338
334,E01000339
335,E01000340
336,E01000341
337,E01000342
338,E01000343
339,E01000344
340,E01000345
341,E01000346
342,E01000347
343,E01000348
344,E01000349
345,E01000350
346,E01000351
347,E01000352
348,E01000353
349,E01000354
350,E01000355
351,E01000356
352,E01000357
353,E01000358
354,E01000359
355,E01000360
356,E01000361
357,E01000362
358,E01000363
359,E01000364
360,E01000365
361,E01000366
362,E01000367
363,E01000368
364,E01000369
365,E01000370
366,E01000371
367,E01000372
368,E01000373
369,E01000374
370,E01000375
371,E01000376
372,E01000377
373,E01000378
374,E01000379
375,E01000380
376,E01000381
377,E01000382
378,E01000383
379,E01000384
380,E01000385
381,E01000386
382,E01000387
383,E01000388
384,E01000389
385,E01000390
386,E01000391
387,E01000392
388,E01000393
389,E01000394
390,E01000395
391,E01000396
392,E01000398
393,E01000399
394,E01000400
395,E01000401
396,E01000402
397,E01000403
398,E01000404
399,E01000405
400,E01000406
401,E01000407
402,E01000408
403,E01000409
404,E01000410
405,E01000411
406,E01000412
407,E01000413
408,E01000414
409,E01000415
410,E01000416
411,E01000417
412,E01000418
413,E01000419
414,E01000420
415,E01000421
416,E01000422
417,E01000423
418,E01000424
419,E01000425
420,E01000426
421,E01000427
422,E01000428
423,E01000429
424,E01000430
425,E01000431
426,E01000432
427,E01000433
428,E01000434
429,E01000435
430,E01000436
431,E01000437
432,E01000438
433,E01000439
434,E01000440
435,E01000441
436,E01000442
437,E01000443
438,E01000444
439,E01000445
440,E01000446
441,E01000447
442,E01000448
443,E01000449
444,E01000450
445,E01000451
446,E01000452
447,E01000453
448,E01000454
449,E01000455
450,E01000456
451,E01000457
452,E01000458
453,E01000459
454,E01000460
455,E01000461
456,E01000462
457,E01000463
458,E01000464
459,E01000465
460,E01000466
461,E01000467
462,E01000468
463,E01000469
464,E01000470
465,E01000471
466,E01000472
467,E01000473
468,E01000474
469,E01000475
470,E01000476
471,E01000477
472,E01000478
473,E01000479
474,E01000480
475,E01000481
476,E01000482
477,E01000483
478,E01000484
479,E01000485
480,E01000486
481,E01000487
482,E01000488
483,E01000489
484,E01000490
485,E01000491
486,E01000492
487,E01000493
488,E01000494
489,E01000495
490,E01000497
491,E01000498
492,E01000499
493,E01000501
494,E01000502
495,E01000503
496,E01000504
497,E01000505
498,E01000506
499,E01000507
500,E01000508
501,E01000509
502,E01000510
503,E01000511
504,E01000512
505,E01000513
506,E01000514
507,E01000515
508,E01000516
509,E01000517
510,E01000518
511,E01000519
512,E01000520
513,E01000521
514,E01000522
515,E01000523
516,E01000524
517,E01000525
518,E01000526
519,E01000527
520,E01000528
521,E01000530
522,E01000531
523,E01000532
524,E01000533
525,E01000534
526,E01000535
527,E01000536
528,E01000538
529,E01000539
530,E01000540
531,E01000541
532,E01000543
533,E01000544
534,E01000545
535,E01000546
536,E01000547
537,E01000548
538,E01000549
539,E01000550
540,E01000551
541,E01000552
542,E01000553
543,E01000554
544,E01000555
545,E01000556
546,E01000557
547,E01000558
548,E01000559
549,E01000560
550,E01000561
551,E01000562
552,E01000563
553,E01000564
554,E01000565
555,E01000566
556,E01000567
557,E01000568
558,E01000569
559,E01000570
560,E01000571
561,E01000572
562,E01000573
563,E01000574
564,E01000575
565,E01000576
566,E01000577
567,E01000578
568,E01000579
569,E01000580
570,E01000581
571,E01000582
572,E01000583
573,E01000584
574,E01000585
575,E01000586
576,E01000587
577,E01000588
578,E01000589
579,E01000590
580,E01000591
581,E01000592
582,E01000593
583,E01000594
584,E01000595
585,E01000596
586,E01000599
587,E01000600
588,E01000601
589,E01000602
590,E01000603
591,E01000604
592,E01000605
593,E01000606
594,E01000607
595,E01000608
596,E01000609
597,E01000610
598,E01000611
599,E01000612
600,E01000613
601,E01000615
602,E01000616
603,E01000617
604,E01000618
605,E01000619
606,E01000620
607,E01000621
608,E01000622
609,E01000623
610,E01000624
611,E01000625
612,E01000626
613,E01000627
614,E01000628
615,E01000629
616,E01000630
617,E01000631
618,E01000632
619,E01000633
620,E01000634
621,E01000635
622,E01000636
623,E01000637
624,E01000638
625,E01000639
626,E01000640
627,E01000641
628,E01000642
629,E01000643
630,E01000644
631,E01000645
632,E01000646
633,E01000647
634,E01000648
635,E01000649
636,E01000650
637,E01000651
638,E01000652
639,E01000653
640,E01000654
641,E01000655
642,E01000656
643,E01000657
644,E01000658
645,E01000659
646,E01000661
647,E01000662
648,E01000663
649,E01000664
650,E01000665
651,E01000666
652,E01000667
653,E01000668
654,E01000669
655,E01000670
656,E01000671
657,E01000672
658,E01000673
659,E01000674
660,E01000675
661,E01000676
662,E01000677
663,E01000678
664,E01000679
665,E01000680
666,E01000681
667,E01000682
668,E01000683
669,E01000684
670,E01000685
671,E01000686
672,E01000687
673,E01000688
674,E01000689
675,E01000690
676,E01000691
677,E01000692
678,E01000693
679,E01000694
680,E01000695
681,E01000696
682,E01000697
683,E01000698
684,E01000699
685,E01000700
686,E01000701
687,E01000702
688,E01000703
689,E01000704
690,E01000705
691,E01000706
692,E01000707
693,E01000708
694,E01000709
695,E01000710
696,E01000711
697,E01000712
698,E01000713
699,E01000714
700,E01000715
701,E01000716
702,E01000717
703,E01000718
704,E01000719
705,E01000720
706,E01000721
707,E01000722
708,E01000723
709,E01000724
710,E01000725
711,E01000726
712,E01000727
713,E01000728
714,E01000729
715,E01000730
716,E01000731
717,E01000732
718,E01000733
719,E01000734
720,E01000735
721,E01000736
722,E01000737
723,E01000738
724,E01000739
725,E01000740
726,E01000741
727,E01000742
728,E01000743
729,E01000744
730,E01000745
731,E01000746
732,E01000747
733,E01000748
734,E01000749
735,E01000750
736,E01000751
737,E01000752
738,E01000753
739,E01000754
740,E01000755
741,E01000756
742,E01000757
743,E01000758
744,E01000759
745,E01000760
746,E01000761
747,E01000762
748,E01000763
749,E01000764
750,E01000765
751,E01000766
752,E01000767
753,E01000768
754,E01000769
755,E01000770
756,E01000771
757,E01000772
758,E01000773
759,E01000774
760,E01000775
761,E01000777
762,E01000778
763,E01000779
764,E01000780
765,E01000781
766,E01000782
767,E01000783
768,E01000784
769,E01000785
770,E01000786
771,E01000787
772,E01000788
773,E01000789
774,E01000790
775,E01000791
776,E01000792
777,E01000793
778,E01000794
779,E01000795
780,E01000796
781,E01000797
782,E01000798
783,E01000799
784,E01000800
785,E01000801
786,E01000802
787,E01000803
788,E01000804
789,E01000805
790,E01000806
791,E01000807
792,E01000808
793,E01000809
794,E01000810
795,E01000811
796,E01000812
797,E01000813
798,E01000814
799,E01000815
800,E01000816
801,E01000818
802,E01000819
803,E01000820
804,E01000822
805,E01000823
806,E01000824
807,E01000825
808,E01000826
809,E01000827
810,E01000828
811,E01000829
812,E01000830
813,E01000831
814,E01000832
815,E01000833
816,E01000834
817,E01000835
818,E01000836
819,E01000837
820,E01000838
821,E01000839
822,E01000840
823,E01000841
824,E01000842
825,E01000843
826,E01000844
827,E01000845
828,E01000846
829,E01000847
830,E01000848
831,E01000849
832,E01000850
833,E01000851
834,E01000852
835,E01000853
836,E01000854
837,E01000855
838,E01000856
839,E01000857
840,E01000858
841,E01000859
842,E01000860
843,E01000861
844,E01000862
845,E01000863
846,E01000864
847,E01000865
848,E01000866
849,E01000867
850,E01000868
851,E01000869
852,E01000870
853,E01000871
854,E01000872
855,E01000873
856,E01000874
857,E01000875
858,E01000876
859,E01000877
860,E01000878
861,E01000879
862,E01000880
863,E01000881
864,E01000882
865,E01000883
866,E01000884
867,E01000885
868,E01000886
869,E01000887
870,E01000888
871,E01000889
872,E01000890
873,E01000891
874,E01000892
875,E01000893
876,E01000894
877,E01000895
878,E01000896
879,E01000897
880,E01000898
881,E01000899
882,E01000900
883,E01000901
884,E01000902
885,E01000903
886,E01000904
887,E01000905
888,E01000906
889,E01000907
890,E01000908
891,E01000909
892,E01000910
893,E01000911
894,E01000912
895,E01000913
896,E01000914
897,E01000915
898,E01000916
899,E01000917
900,E01000918
901,E01000919
902,E01000920
903,E01000921
904,E01000922
905,E01000923
906,E01000924
907,E01000925
908,E01000926
909,E01000927
910,E01000928
911,E01000929
912,E01000930
913,E01000931
914,E01000932
915,E01000933
916,E01000934
917,E01000935
918,E01000936
919,E01000937
920,E01000938
921,E01000939
922,E01000940
923,E01000941
924,E01000942
925,E01000943
926,E01000944
927,E01000945
928,E01000946
929,E01000947
930,E01000948
931,E01000949
932,E01000950
933,E01000951
934,E01000952
935,E01000953
936,E01000954
937,E01000955
938,E01000956
939,E01000957
940,E01000958
941,E01000959
942,E01000960
943,E01000961
944,E01000962
945,E01000963
946,E01000964
947,E01000965
948,E01000966
949,E01000967
950,E01000968
951,E01000969
952,E01000970
953,E01000971
954,E01000972
955,E01000973
956,E01000974
957,E01000975
958,E01000976
959,E01000977
960,E01000978
961,E01000979
962,E01000980
963,E01000981
964,E01000982
965,E01000983
966,E01000984
967,E01000985
968,E01000986
969,E01000987
970,E01000989
971,E01000990
972,E01000991
973,E01000992
974,E01000993
975,E01000994
976,E01000995
977,E01000996
978,E01000997
979,E01000998
980,E01000999
981,E01001000
982,E01001001
983,E01001002
984,E01001003
985,E01001004
986,E01001005
987,E01001006
988,E01001007
989,E01001008
990,E01001009
991,E01001010
992,E01001011
993,E01001012
994,E01001013
995,E01001014
996,E01001015
997,E01001016
998,E01001017
999,E01001018
1000,E01001019
1001,E01001020
1002,E01001021
1003,E01001022
1004,E01001023
1005,E01001024
1006,E01001025
1007,E01001026
1008,E01001027
1009,E01001028
1010,E01001029
1011,E01001030
1012,E01001031
1013,E01001032
1014,E01001033
1015,E01001034
1016,E01001035
1017,E01001036
1018,E01001037
1019,E01001038
1020,E01001039
1021,E01001040
1022,E01001041
1023,E01001042
1024,E01001043
1025,E01001044
1026,E01001045
1027,E01001046
1028,E01001047
1029,E01001048
1030,E01001049
1031,E01001050
1032,E01001051
1033,E01001052
1034,E01001053
1035,E01001054
1036,E01001055
1037,E01001056
1038,E01001057
1039,E01001058
1040,E01001059
1041,E01001060
1042,E01001061
1043,E01001062
1044,E01001063
1045,E01001064
1046,E01001065
1047,E01001066
1048,E01001067
1049,E01001068
1050,E01001069
1051,E01001070
1052,E01001071
1053,E01001072
1054,E01001073
1055,E01001074
1056,E01001075
1057,E01001076
1058,E01001077
1059,E01001078
1060,E01001079
1061,E01001080
1062,E01001081
1063,E01001082
1064,E01001084
1065,E01001085
1066,E01001086
1067,E01001087
1068,E01001088
1069,E01001089
1070,E01001090
1071,E01001091
1072,E01001092
1073,E01001093
1074,E01001094
1075,E01001095
1076,E01001096
1077,E01001097
1078,E01001098
1079,E01001099
1080,E01001100
1081,E01001101
1082,E01001102
1083,E01001103
1084,E01001104
1085,E01001105
1086,E01001107
1087,E01001108
1088,E01001109
1089,E01001110
1090,E01001111
1091,E01001112
1092,E01001113
1093,E01001114
1094,E01001115
1095,E01001116
1096,E01001117
1097,E01001118
1098,E01001119
1099,E01001120
1100,E01001121
1101,E01001122
1102,E01001123
1103,E01001124
1104,E01001125
1105,E01001126
1106,E01001127
1107,E01001128
1108,E01001129
1109,E01001130
1110,E01001131
1111,E01001132
1112,E01001133
1113,E01001134
1114,E01001135
1115,E01001136
1116,E01001137
1117,E01001138
1118,E01001139
1119,E01001140
1120,E01001141
1121,E01001142
1122,E01001143
1123,E01001144
1124,E01001145
1125,E01001146
1126,E01001147
1127,E01001148
1128,E01001149
1129,E01001150
1130,E01001151
1131,E01001152
1132,E01001153
1133,E01001154
1134,E01001155
1135,E01001156
1136,E01001157
1137,E01001158
1138,E01001159
1139,E01001160
1140,E01001161
1141,E01001162
1142,E01001163
1143,E01001164
1144,E01001165
1145,E01001166
1146,E01001167
1147,E01001168
1148,E01001169
1149,E01001170
1150,E01001171
1151,E01001172
1152,E01001173
1153,E01001174
1154,E01001175
1155,E01001176
1156,E01001177
1157,E01001178
1158,E01001179
1159,E01001180
1160,E01001181
1161,E01001182
1162,E01001183
1163,E01001184
1164,E01001185
1165,E01001186
1166,E01001187
1167,E01001188
1168,E01001189
1169,E01001190
1170,E01001191
1171,E01001192
1172,E01001193
1173,E01001194
1174,E01001195
1175,E01001196
1176,E01001197
1177,E01001198
1178,E01001199
1179,E01001200
1180,E01001201
1181,E01001202
1182,E01001203
1183,E01001204
1184,E01001205
1185,E01001206
1186,E01001207
1187,E01001208
1188,E01001209
1189,E01001210
1190,E01001211
1191,E01001212
1192,E01001213
1193,E01001214
1194,E01001215
1195,E01001216
1196,E01001217
1197,E01001218
1198,E01001219
1199,E01001220
1200,E01001221
1201,E01001222
1202,E01001223
1203,E01001224
1204,E01001225
1205,E01001226
1206,E01001227
1207,E01001228
1208,E01001229
1209,E01001230
1210,E01001231
1211,E01001232
1212,E01001233
1213,E01001234
1214,E01001235
1215,E01001236
1216,E01001237
1217,E01001238
1218,E01001239
1219,E01001240
1220,E01001241
1221,E01001242
1222,E01001243
1223,E01001244
1224,E01001245
1225,E01001246
1226,E01001247
1227,E01001248
1228,E01001249
1229,E01001250
1230,E01001251
1231,E01001252
1232,E01001253
1233,E01001254
1234,E01001255
1235,E01001257
1236,E01001258
1237,E01001259
1238,E01001260
1239,E01001261
1240,E01001262
1241,E01001263
1242,E01001264
1243,E01001265
1244,E01001266
1245,E01001267
1246,E01001268
1247,E01001269
1248,E01001270
1249,E01001271
1250,E01001272
1251,E01001273
1252,E01001274
1253,E01001275
1254,E01001276
1255,E01001277
1256,E01001278
1257,E01001279
1258,E01001280
1259,E01001281
1260,E01001282
1261,E01001283
1262,E01001284
1263,E01001285
1264,E01001286
1265,E01001287
1266,E01001288
1267,E01001289
1268,E01001290
1269,E01001291
1270,E01001292
1271,E01001293
1272,E01001294
1273,E01001295
1274,E01001296
1275,E01001297
1276,E01001298
1277,E01001299
1278,E01001300
1279,E01001301
1280,E01001302
1281,E01001303
1282,E01001304
1283,E01001305
1284,E01001306
1285,E01001307
1286,E01001308
1287,E01001309
1288,E01001310
1289,E01001311
1290,E01001312
1291,E01001313
1292,E01001314
1293,E01001315
1294,E01001316
1295,E01001317
1296,E01001318
1297,E01001319
1298,E01001320
1299,E01001321
1300,E01001322
1301,E01001323
1302,E01001324
1303,E01001325
1304,E01001326
1305,E01001327
1306,E01001328
1307,E01001329
1308,E01001330
1309,E01001331
1310,E01001332
1311,E01001333
1312,E01001334
1313,E01001335
1314,E01001336
1315,E01001337
1316,E01001338
1317,E01001339
1318,E01001340
1319,E01001341
1320,E01001342
1321,E01001343
1322,E01001344
1323,E01001345
1324,E01001346
1325,E01001347
1326,E01001348
1327,E01001349
1328,E01001350
1329,E01001351
1330,E01001352
1331,E01001353
1332,E01001354
1333,E01001355
1334,E01001356
1335,E01001357
1336,E01001358
1337,E01001359
1338,E01001360
1339,E01001361
1340,E01001362
1341,E01001363
1342,E01001364
1343,E01001365
1344,E01001366
1345,E01001367
1346,E01001368
1347,E01001369
1348,E01001370
1349,E01001371
1350,E01001372
1351,E01001373
1352,E01001374
1353,E01001375
1354,E01001376
1355,E01001377
1356,E01001379
1357,E01001380
1358,E01001381
1359,E01001382
1360,E01001383
1361,E01001384
1362,E01001385
1363,E01001386
1364,E01001387
1365,E01001388
1366,E01001389
1367,E01001390
1368,E01001391
1369,E01001392
1370,E01001393
1371,E01001394
1372,E01001395
1373,E01001396
1374,E01001397
1375,E01001398
1376,E01001399
1377,E01001400
1378,E01001401
1379,E01001402
1380,E01001403
1381,E01001404
1382,E01001405
1383,E01001406
1384,E01001407
1385,E01001408
1386,E01001409
1387,E01001410
1388,E01001411
1389,E01001412
1390,E01001413
1391,E01001414
1392,E01001415
1393,E01001416
1394,E01001417
1395,E01001418
1396,E01001419
1397,E01001420
1398,E01001421
1399,E01001422
1400,E01001423
1401,E01001424
1402,E01001425
1403,E01001426
1404,E01001427
1405,E01001428
1406,E01001429
1407,E01001430
1408,E01001431
1409,E01001432
1410,E01001433
1411,E01001434
1412,E01001435
1413,E01001436
1414,E01001437
1415,E01001438
1416,E01001439
1417,E01001440
1418,E01001441
1419,E01001442
1420,E01001444
1421,E01001445
1422,E01001446
1423,E01001447
1424,E01001448
1425,E01001449
1426,E01001450
1427,E01001451
1428,E01001452
1429,E01001453
1430,E01001454
1431,E01001455
1432,E01001456
1433,E01001457
1434,E01001458
1435,E01001459
1436,E01001460
1437,E01001461
1438,E01001462
1439,E01001463
1440,E01001464
1441,E01001465
1442,E01001466
1443,E01001467
1444,E01001468
1445,E01001469
1446,E01001470
1447,E01001471
1448,E01001472
1449,E01001473
1450,E01001474
1451,E01001475
1452,E01001476
1453,E01001477
1454,E01001478
1455,E01001479
1456,E01001480
1457,E01001481
1458,E01001482
1459,E01001483
1460,E01001484
1461,E01001485
1462,E01001486
1463,E01001487
1464,E01001488
1465,E01001489
1466,E01001491
1467,E01001492
1468,E01001493
1469,E01001494
1470,E01001495
1471,E01001496
1472,E01001497
1473,E01001498
1474,E01001499
1475,E01001500
1476,E01001501
1477,E01001502
1478,E01001503
1479,E01001504
1480,E01001505
1481,E01001506
1482,E01001507
1483,E01001508
1484,E01001509
1485,E01001510
1486,E01001511
1487,E01001512
1488,E01001513
1489,E01001514
1490,E01001515
1491,E01001516
1492,E01001517
1493,E01001518
1494,E01001519
1495,E01001520
1496,E01001521
1497,E01001522
1498,E01001523
1499,E01001524
1500,E01001525
1501,E01001526
1502,E01001527
1503,E01001528
1504,E01001529
1505,E01001530
1506,E01001531
1507,E01001532
1508,E01001533
1509,E01001534
1510,E01001535
1511,E01001536
1512,E01001537
1513,E01001538
1514,E01001539
1515,E01001540
1516,E01001541
1517,E01001542
1518,E01001543
1519,E01001544
1520,E01001545
1521,E01001546
1522,E01001547
1523,E01001548
1524,E01001549
1525,E01001550
1526,E01001551
1527,E01001552
1528,E01001553
1529,E01001554
1530,E01001555
1531,E01001556
1532,E01001557
1533,E01001558
1534,E01001559
1535,E01001560
1536,E01001562
1537,E01001563
1538,E01001564
1539,E01001565
1540,E01001566
1541,E01001567
1542,E01001568
1543,E01001569
1544,E01001570
1545,E01001571
1546,E01001572
1547,E01001573
1548,E01001574
1549,E01001575
1550,E01001576
1551,E01001577
1552,E01001578
1553,E01001579
1554,E01001580
1555,E01001581
1556,E01001582
1557,E01001583
1558,E01001584
1559,E01001585
1560,E01001586
1561,E01001587
1562,E01001588
1563,E01001589
1564,E01001590
1565,E01001591
1566,E01001592
1567,E01001593
1568,E01001594
1569,E01001595
1570,E01001596
1571,E01001597
1572,E01001598
1573,E01001599
1574,E01001600
1575,E01001601
1576,E01001602
1577,E01001603
1578,E01001604
1579,E01001605
1580,E01001606
1581,E01001607
1582,E01001608
1583,E01001609
1584,E01001610
1585,E01001611
1586,E01001613
1587,E01001614
1588,E01001615
1589,E01001617
1590,E01001618
1591,E01001619
1592,E01001620
1593,E01001621
1594,E01001623
1595,E01001624
1596,E01001625
1597,E01001629
1598,E01001631
1599,E01001632
1600,E01001633
1601,E01001634
1602,E01001635
1603,E01001636
1604,E01001637
1605,E01001638
1606,E01001640
1607,E01001641
1608,E01001642
1609,E01001644
1610,E01001645
1611,E01001646
1612,E01001647
1613,E01001648
1614,E01001649
1615,E01001650
1616,E01001651
1617,E01001652
1618,E01001653
1619,E01001654
1620,E01001655
1621,E01001656
1622,E01001657
1623,E01001658
1624,E01001659
1625,E01001660
1626,E01001661
1627,E01001662
1628,E01001664
1629,E01001665
1630,E01001666
1631,E01001667
1632,E01001668
1633,E01001669
1634,E01001671
1635,E01001672
1636,E01001673
1637,E01001674
1638,E01001675
1639,E01001676
1640,E01001677
1641,E01001678
1642,E01001679
1643,E01001680
1644,E01001681
1645,E01001682
1646,E01001683
1647,E01001684
1648,E01001685
1649,E01001686
1650,E01001687
1651,E01001688
1652,E01001690
1653,E01001692
1654,E01001693
1655,E01001694
1656,E01001695
1657,E01001696
1658,E01001697
1659,E01001698
1660,E01001699
1661,E01001700
1662,E01001701
1663,E01001702
1664,E01001703
1665,E01001704
1666,E01001705
1667,E01001706
1668,E01001708
1669,E01001709
1670,E01001710
1671,E01001711
1672,E01001712
1673,E01001713
1674,E01001714
1675,E01001715
1676,E01001716
1677,E01001717
1678,E01001718
1679,E01001719
1680,E01001720
1681,E01001722
1682,E01001723
1683,E01001724
1684,E01001725
1685,E01001726
1686,E01001727
1687,E01001728
1688,E01001729
1689,E01001730
1690,E01001731
1691,E01001732
1692,E01001733
1693,E01001734
1694,E01001735
1695,E01001736
1696,E01001737
1697,E01001738
1698,E01001739
1699,E01001740
1700,E01001741
1701,E01001742
1702,E01001744
1703,E01001745
1704,E01001746
1705,E01001747
1706,E01001748
1707,E01001749
1708,E01001750
1709,E01001751
1710,E01001752
1711,E01001753
1712,E01001754
1713,E01001755
1714,E01001756
1715,E01001757
1716,E01001758
1717,E01001759
1718,E01001760
1719,E01001761
1720,E01001762
1721,E01001763
1722,E01001764
1723,E01001765
1724,E01001767
1725,E01001768
1726,E01001769
1727,E01001770
1728,E01001772
1729,E01001773
1730,E01001774
1731,E01001775
1732,E01001776
1733,E01001777
1734,E01001779
1735,E01001780
1736,E01001781
1737,E01001782
1738,E01001783
1739,E01001784
1740,E01001785
1741,E01001786
1742,E01001787
1743,E01001788
1744,E01001789
1745,E01001790
1746,E01001791
1747,E01001792
1748,E01001793
1749,E01001794
1750,E01001795
1751,E01001796
1752,E01001798
1753,E01001799
1754,E01001800
1755,E01001801
1756,E01001802
1757,E01001803
1758,E01001804
1759,E01001805
1760,E01001806
1761,E01001807
1762,E01001808
1763,E01001809
1764,E01001811
1765,E01001812
1766,E01001813
1767,E01001814
1768,E01001815
1769,E01001816
1770,E01001819
1771,E01001820
1772,E01001821
1773,E01001822
1774,E01001823
1775,E01001824
1776,E01001825
1777,E01001826
1778,E01001827
1779,E01001828
1780,E01001829
1781,E01001830
1782,E01001831
1783,E01001832
1784,E01001833
1785,E01001834
1786,E01001835
1787,E01001836
1788,E01001837
1789,E01001838
1790,E01001839
1791,E01001840
1792,E01001841
1793,E01001842
1794,E01001843
1795,E01001844
1796,E01001845
1797,E01001846
1798,E01001847
1799,E01001848
1800,E01001849
1801,E01001850
1802,E01001851
1803,E01001852
1804,E01001853
1805,E01001854
1806,E01001855
1807,E01001856
1808,E01001857
1809,E01001858
1810,E01001859
1811,E01001860
1812,E01001861
1813,E01001862
1814,E01001863
1815,E01001864
1816,E01001865
1817,E01001866
1818,E01001867
1819,E01001868
1820,E01001869
1821,E01001870
1822,E01001871
1823,E01001872
1824,E01001873
1825,E01001874
1826,E01001875
1827,E01001876
1828,E01001877
1829,E01001878
1830,E01001879
1831,E01001880
1832,E01001881
1833,E01001882
1834,E01001883
1835,E01001884
1836,E01001885
1837,E01001886
1838,E01001887
1839,E01001888
1840,E01001889
1841,E01001890
1842,E01001891
1843,E01001892
1844,E01001893
1845,E01001894
1846,E01001895
1847,E01001896
1848,E01001897
1849,E01001898
1850,E01001899
1851,E01001900
1852,E01001901
1853,E01001902
1854,E01001903
1855,E01001904
1856,E01001905
1857,E01001906
1858,E01001907
1859,E01001908
1860,E01001909
1861,E01001910
1862,E01001911
1863,E01001912
1864,E01001913
1865,E01001914
1866,E01001915
1867,E01001916
1868,E01001917
1869,E01001918
1870,E01001919
1871,E01001920
1872,E01001921
1873,E01001922
1874,E01001923
1875,E01001924
1876,E01001925
1877,E01001926
1878,E01001927
1879,E01001928
1880,E01001929
1881,E01001930
1882,E01001931
1883,E01001932
1884,E01001933
1885,E01001934
1886,E01001935
1887,E01001937
1888,E01001938
1889,E01001939
1890,E01001940
1891,E01001941
1892,E01001942
1893,E01001943
1894,E01001944
1895,E01001945
1896,E01001946
1897,E01001947
1898,E01001948
1899,E01001949
1900,E01001950
1901,E01001951
1902,E01001952
1903,E01001953
1904,E01001954
1905,E01001955
1906,E01001956
1907,E01001957
1908,E01001958
1909,E01001959
1910,E01001960
1911,E01001961
1912,E01001962
1913,E01001963
1914,E01001964
1915,E01001965
1916,E01001966
1917,E01001967
1918,E01001968
1919,E01001969
1920,E01001970
1921,E01001971
1922,E01001972
1923,E01001973
1924,E01001974
1925,E01001975
1926,E01001976
1927,E01001977
1928,E01001978
1929,E01001979
1930,E01001980
1931,E01001981
1932,E01001982
1933,E01001983
1934,E01001984
1935,E01001985
1936,E01001986
1937,E01001987
1938,E01001988
1939,E01001989
1940,E01001990
1941,E01001991
1942,E01001992
1943,E01001993
1944,E01001994
1945,E01001995
1946,E01001996
1947,E01001997
1948,E01001998
1949,E01001999
1950,E01002000
1951,E01002001
1952,E01002002
1953,E01002003
1954,E01002004
1955,E01002005
1956,E01002006
1957,E01002007
1958,E01002008
1959,E01002009
1960,E01002010
1961,E01002011
1962,E01002013
1963,E01002014
1964,E01002015
1965,E01002016
1966,E01002017
1967,E01002018
1968,E01002019
1969,E01002020
1970,E01002021
1971,E01002022
1972,E01002023
1973,E01002024
1974,E01002025
1975,E01002026
1976,E01002027
1977,E01002028
1978,E01002029
1979,E01002030
1980,E01002031
1981,E01002032
1982,E01002033
1983,E01002034
1984,E01002036
1985,E01002037
1986,E01002038
1987,E01002039
1988,E01002040
1989,E01002041
1990,E01002042
1991,E01002043
1992,E01002044
1993,E01002045
1994,E01002046
1995,E01002047
1996,E01002048
1997,E01002049
1998,E01002050
1999,E01002051
2000,E01002052
2001,E01002053
2002,E01002054
2003,E01002055
2004,E01002056
2005,E01002057
2006,E01002058
2007,E01002059
2008,E01002060
2009,E01002061
2010,E01002062
2011,E01002063
2012,E01002064
2013,E01002065
2014,E01002066
2015,E01002067
2016,E01002068
2017,E01002069
2018,E01002070
2019,E01002071
2020,E01002072
2021,E01002073
2022,E01002074
2023,E01002075
2024,E01002076
2025,E01002077
2026,E01002078
2027,E01002079
2028,E01002080
2029,E01002081
2030,E01002082
2031,E01002083
2032,E01002084
2033,E01002085
2034,E01002086
2035,E01002087
2036,E01002088
2037,E01002089
2038,E01002090
2039,E01002091
2040,E01002092
2041,E01002093
2042,E01002094
2043,E01002095
2044,E01002096
2045,E01002097
2046,E01002098
2047,E01002099
2048,E01002100
2049,E01002101
2050,E01002102
2051,E01002103
2052,E01002104
2053,E01002105
2054,E01002106
2055,E01002107
2056,E01002108
2057,E01002109
2058,E01002110
2059,E01002111
2060,E01002112
2061,E01002113
2062,E01002114
2063,E01002115
2064,E01002116
2065,E01002117
2066,E01002118
2067,E01002119
2068,E01002120
2069,E01002121
2070,E01002122
2071,E01002123
2072,E01002124
2073,E01002125
2074,E01002126
2075,E01002127
2076,E01002128
2077,E01002129
2078,E01002130
2079,E01002131
2080,E01002132
2081,E01002133
2082,E01002134
2083,E01002135
2084,E01002136
2085,E01002137
2086,E01002138
2087,E01002139
2088,E01002140
2089,E01002141
2090,E01002142
2091,E01002143
2092,E01002144
2093,E01002145
2094,E01002146
2095,E01002147
2096,E01002148
2097,E01002149
2098,E01002150
2099,E01002151
2100,E01002152
2101,E01002153
2102,E01002154
2103,E01002155
2104,E01002156
2105,E01002157
2106,E01002158
2107,E01002159
2108,E01002160
2109,E01002161
2110,E01002162
2111,E01002163
2112,E01002164
2113,E01002165
2114,E01002166
2115,E01002167
2116,E01002168
2117,E01002169
2118,E01002170
2119,E01002171
2120,E01002172
2121,E01002173
2122,E01002174
2123,E01002175
2124,E01002176
2125,E01002177
2126,E01002178
2127,E01002179
2128,E01002180
2129,E01002181
2130,E01002182
2131,E01002183
2132,E01002184
2133,E01002185
2134,E01002186
2135,E01002187
2136,E01002188
2137,E01002189
2138,E01002190
2139,E01002191
2140,E01002192
2141,E01002193
2142,E01002194
2143,E01002195
2144,E01002196
2145,E01002197
2146,E01002198
2147,E01002199
2148,E01002200
2149,E01002201
2150,E01002202
2151,E01002203
2152,E01002204
2153,E01002206
2154,E01002207
2155,E01002208
2156,E01002209
2157,E01002210
2158,E01002211
2159,E01002212
2160,E01002213
2161,E01002214
2162,E01002215
2163,E01002216
2164,E01002217
2165,E01002218
2166,E01002219
2167,E01002220
2168,E01002221
2169,E01002222
2170,E01002223
2171,E01002224
2172,E01002225
2173,E01002226
2174,E01002227
2175,E01002228
2176,E01002229
2177,E01002230
2178,E01002231
2179,E01002232
2180,E01002233
2181,E01002234
2182,E01002235
2183,E01002236
2184,E01002237
2185,E01002238
2186,E01002239
2187,E01002240
2188,E01002241
2189,E01002242
2190,E01002243
2191,E01002244
2192,E01002245
2193,E01002246
2194,E01002247
2195,E01002248
2196,E01002249
2197,E01002250
2198,E01002251
2199,E01002252
2200,E01002253
2201,E01002254
2202,E01002255
2203,E01002256
2204,E01002257
2205,E01002258
2206,E01002259
2207,E01002260
2208,E01002261
2209,E01002262
2210,E01002263
2211,E01002264
2212,E01002265
2213,E01002266
2214,E01002267
2215,E01002268
2216,E01002269
2217,E01002270
2218,E01002271
2219,E01002272
2220,E01002273
2221,E01002274
2222,E01002275
2223,E01002276
2224,E01002277
2225,E01002278
2226,E01002279
2227,E01002280
2228,E01002281
2229,E01002282
2230,E01002283
2231,E01002284
2232,E01002285
2233,E01002286
2234,E01002287
2235,E01002288
2236,E01002289
2237,E01002290
2238,E01002291
2239,E01002292
2240,E01002293
2241,E01002294
2242,E01002295
2243,E01002296
2244,E01002297
2245,E01002298
2246,E01002299
2247,E01002300
2248,E01002301
2249,E01002302
2250,E01002303
2251,E01002304
2252,E01002305
2253,E01002306
2254,E01002307
2255,E01002308
2256,E01002309
2257,E01002310
2258,E01002311
2259,E01002312
2260,E01002313
2261,E01002314
2262,E01002315
2263,E01002316
2264,E01002317
2265,E01002318
2266,E01002319
2267,E01002320
2268,E01002321
2269,E01002322
2270,E01002323
2271,E01002324
2272,E01002325
2273,E01002326
2274,E01002327
2275,E01002328
2276,E01002329
2277,E01002330
2278,E01002331
2279,E01002332
2280,E01002333
2281,E01002334
2282,E01002335
2283,E01002336
2284,E01002337
2285,E01002338
2286,E01002339
2287,E01002340
2288,E01002341
2289,E01002342
2290,E01002343
2291,E01002344
2292,E01002345
2293,E01002346
2294,E01002347
2295,E01002348
2296,E01002349
2297,E01002350
2298,E01002351
2299,E01002352
2300,E01002353
2301,E01002354
2302,E01002355
2303,E01002356
2304,E01002358
2305,E01002359
2306,E01002360
2307,E01002361
2308,E01002362
2309,E01002363
2310,E01002364
2311,E01002365
2312,E01002366
2313,E01002367
2314,E01002368
2315,E01002369
2316,E01002370
2317,E01002371
2318,E01002372
2319,E01002373
2320,E01002374
2321,E01002375
2322,E01002376
2323,E01002377
2324,E01002378
2325,E01002379
2326,E01002380
2327,E01002381
2328,E01002382
2329,E01002383
2330,E01002384
2331,E01002385
2332,E01002386
2333,E01002387
2334,E01002388
2335,E01002389
2336,E01002390
2337,E01002391
2338,E01002392
2339,E01002393
2340,E01002394
2341,E01002395
2342,E01002396
2343,E01002397
2344,E01002398
2345,E01002399
2346,E01002400
2347,E01002401
2348,E01002402
2349,E01002403
2350,E01002404
2351,E01002405
2352,E01002406
2353,E01002407
2354,E01002408
2355,E01002409
2356,E01002410
2357,E01002411
2358,E01002412
2359,E01002413
2360,E01002414
2361,E01002415
2362,E01002416
2363,E01002417
2364,E01002418
2365,E01002419
2366,E01002420
2367,E01002421
2368,E01002422
2369,E01002423
2370,E01002424
2371,E01002425
2372,E01002426
2373,E01002427
2374,E01002428
2375,E01002429
2376,E01002430
2377,E01002431
2378,E01002432
2379,E01002433
2380,E01002434
2381,E01002435
2382,E01002436
2383,E01002437
2384,E01002438
2385,E01002439
2386,E01002440
2387,E01002441
2388,E01002442
2389,E01002443
2390,E01002444
2391,E01002445
2392,E01002446
2393,E01002447
2394,E01002448
2395,E01002449
2396,E01002450
2397,E01002451
2398,E01002452
2399,E01002453
2400,E01002454
2401,E01002455
2402,E01002456
2403,E01002457
2404,E01002458
2405,E01002459
2406,E01002460
2407,E01002461
2408,E01002462
2409,E01002463
2410,E01002464
2411,E01002465
2412,E01002466
2413,E01002467
2414,E01002468
2415,E01002469
2416,E01002470
2417,E01002471
2418,E01002472
2419,E01002473
2420,E01002474
2421,E01002475
2422,E01002476
2423,E01002477
2424,E01002478
2425,E01002479
2426,E01002480
2427,E01002481
2428,E01002482
2429,E01002483
2430,E01002484
2431,E01002485
2432,E01002486
2433,E01002487
2434,E01002488
2435,E01002489
2436,E01002490
2437,E01002491
2438,E01002492
2439,E01002493
2440,E01002494
2441,E01002495
2442,E01002496
2443,E01002497
2444,E01002498
2445,E01002499
2446,E01002501
2447,E01002502
2448,E01002503
2449,E01002504
2450,E01002505
2451,E01002506
2452,E01002507
2453,E01002508
2454,E01002509
2455,E01002511
2456,E01002512
2457,E01002513
2458,E01002514
2459,E01002515
2460,E01002516
2461,E01002518
2462,E01002519
2463,E01002520
2464,E01002521
2465,E01002523
2466,E01002525
2467,E01002526
2468,E01002527
2469,E01002528
2470,E01002529
2471,E01002530
2472,E01002531
2473,E01002532
2474,E01002533
2475,E01002534
2476,E01002535
2477,E01002536
2478,E01002537
2479,E01002538
2480,E01002539
2481,E01002540
2482,E01002541
2483,E01002542
2484,E01002543
2485,E01002544
2486,E01002545
2487,E01002546
2488,E01002547
2489,E01002548
2490,E01002549
2491,E01002550
2492,E01002551
2493,E01002552
2494,E01002553
2495,E01002554
2496,E01002555
2497,E01002556
2498,E01002557
2499,E01002558
2500,E01002559
2501,E01002560
2502,E01002561
2503,E01002562
2504,E01002563
2505,E01002564
2506,E01002565
2507,E01002566
2508,E01002567
2509,E01002568
2510,E01002569
2511,E01002570
2512,E01002571
2513,E01002572
2514,E01002573
2515,E01002574
2516,E01002575
2517,E01002576
2518,E01002577
2519,E01002578
2520,E01002579
2521,E01002580
2522,E01002581
2523,E01002582
2524,E01002583
2525,E01002584
2526,E01002585
2527,E01002586
2528,E01002587
2529,E01002588
2530,E01002589
2531,E01002590
2532,E01002591
2533,E01002592
2534,E01002593
2535,E01002594
2536,E01002595
2537,E01002596
2538,E01002598
2539,E01002599
2540,E01002600
2541,E01002601
2542,E01002602
2543,E01002603
2544,E01002604
2545,E01002605
2546,E01002606
2547,E01002607
2548,E01002608
2549,E01002609
2550,E01002610
2551,E01002611
2552,E01002612
2553,E01002613
2554,E01002614
2555,E01002615
2556,E01002616
2557,E01002617
2558,E01002618
2559,E01002619
2560,E01002620
2561,E01002621
2562,E01002622
2563,E01002623
2564,E01002624
2565,E01002625
2566,E01002626
2567,E01002627
2568,E01002628
2569,E01002629
2570,E01002630
2571,E01002631
2572,E01002632
2573,E01002633
2574,E01002634
2575,E01002635
2576,E01002636
2577,E01002637
2578,E01002638
2579,E01002639
2580,E01002640
2581,E01002641
2582,E01002642
2583,E01002643
2584,E01002645
2585,E01002646
2586,E01002647
2587,E01002648
2588,E01002649
2589,E01002650
2590,E01002651
2591,E01002652
2592,E01002653
2593,E01002654
2594,E01002655
2595,E01002656
2596,E01002657
2597,E01002658
2598,E01002659
2599,E01002660
2600,E01002661
2601,E01002662
2602,E01002663
2603,E01002664
2604,E01002665
2605,E01002666
2606,E01002667
2607,E01002668
2608,E01002669
2609,E01002670
2610,E01002671
2611,E01002672
2612,E01002673
2613,E01002674
2614,E01002675
2615,E01002676
2616,E01002677
2617,E01002678
2618,E01002679
2619,E01002680
2620,E01002681
2621,E01002682
2622,E01002683
2623,E01002684
2624,E01002686
2625,E01002687
2626,E01002689
2627,E01002690
2628,E01002691
2629,E01002692
2630,E01002693
2631,E01002694
2632,E01002695
2633,E01002696
2634,E01002697
2635,E01002698
2636,E01002699
2637,E01002700
2638,E01002701
2639,E01002702
2640,E01002703
2641,E01002704
2642,E01002706
2643,E01002707
2644,E01002708
2645,E01002709
2646,E01002710
2647,E01002711
2648,E01002712
2649,E01002713
2650,E01002714
2651,E01002715
2652,E01002716
2653,E01002717
2654,E01002718
2655,E01002719
2656,E01002720
2657,E01002721
2658,E01002722
2659,E01002723
2660,E01002724
2661,E01002725
2662,E01002726
2663,E01002727
2664,E01002728
2665,E01002729
2666,E01002730
2667,E01002731
2668,E01002732
2669,E01002733
2670,E01002734
2671,E01002735
2672,E01002736
2673,E01002737
2674,E01002738
2675,E01002739
2676,E01002740
2677,E01002741
2678,E01002742
2679,E01002743
2680,E01002744
2681,E01002745
2682,E01002747
2683,E01002748
2684,E01002749
2685,E01002751
2686,E01002752
2687,E01002753
2688,E01002754
2689,E01002755
2690,E01002756
2691,E01002757
2692,E01002758
2693,E01002759
2694,E01002760
2695,E01002762
2696,E01002763
2697,E01002764
2698,E01002765
2699,E01002766
2700,E01002767
2701,E01002768
2702,E01002769
2703,E01002770
2704,E01002771
2705,E01002772
2706,E01002773
2707,E01002774
2708,E01002775
2709,E01002776
2710,E01002777
2711,E01002778
2712,E01002779
2713,E01002780
2714,E01002781
2715,E01002782
2716,E01002783
2717,E01002784
2718,E01002785
2719,E01002786
2720,E01002787
2721,E01002788
2722,E01002789
2723,E01002790
2724,E01002791
2725,E01002792
2726,E01002793
2727,E01002794
2728,E01002795
2729,E01002796
2730,E01002797
2731,E01002798
2732,E01002799
2733,E01002800
2734,E01002801
2735,E01002802
2736,E01002803
2737,E01002804
2738,E01002805
2739,E01002806
2740,E01002807
2741,E01002808
2742,E01002809
2743,E01002810
2744,E01002811
2745,E01002812
2746,E01002813
2747,E01002814
2748,E01002815
2749,E01002816
2750,E01002817
2751,E01002818
2752,E01002819
2753,E01002820
2754,E01002821
2755,E01002822
2756,E01002823
2757,E01002824
2758,E01002825
2759,E01002826
2760,E01002827
2761,E01002828
2762,E01002829
2763,E01002830
2764,E01002831
2765,E01002832
2766,E01002833
2767,E01002834
2768,E01002835
2769,E01002836
2770,E01002837
2771,E01002838
2772,E01002839
2773,E01002840
2774,E01002841
2775,E01002842
2776,E01002843
2777,E01002844
2778,E01002845
2779,E01002846
2780,E01002847
2781,E01002848
2782,E01002849
2783,E01002850
2784,E01002851
2785,E01002852
2786,E01002853
2787,E01002854
2788,E01002855
2789,E01002856
2790,E01002857
2791,E01002858
2792,E01002859
2793,E01002860
2794,E01002861
2795,E01002862
2796,E01002863
2797,E01002864
2798,E01002865
2799,E01002866
2800,E01002867
2801,E01002868
2802,E01002869
2803,E01002870
2804,E01002871
2805,E01002872
2806,E01002873
2807,E01002874
2808,E01002875
2809,E01002876
2810,E01002877
2811,E01002878
2812,E01002879
2813,E01002880
2814,E01002881
2815,E01002882
2816,E01002883
2817,E01002884
2818,E01002885
2819,E01002886
2820,E01002887
2821,E01002888
2822,E01002889
2823,E01002890
2824,E01002891
2825,E01002892
2826,E01002893
2827,E01002894
2828,E01002895
2829,E01002896
2830,E01002897
2831,E01002898
2832,E01002899
2833,E01002900
2834,E01002901
2835,E01002902
2836,E01002903
2837,E01002904
2838,E01002905
2839,E01002906
2840,E01002907
2841,E01002908
2842,E01002909
2843,E01002910
2844,E01002911
2845,E01002912
2846,E01002913
2847,E01002914
2848,E01002915
2849,E01002916
2850,E01002917
2851,E01002918
2852,E01002919
2853,E01002920
2854,E01002921
2855,E01002922
2856,E01002923
2857,E01002924
2858,E01002925
2859,E01002926
2860,E01002927
2861,E01002928
2862,E01002929
2863,E01002930
2864,E01002931
2865,E01002932
2866,E01002933
2867,E01002934
2868,E01002935
2869,E01002937
2870,E01002938
2871,E01002939
2872,E01002940
2873,E01002941
2874,E01002942
2875,E01002943
2876,E01002944
2877,E01002945
2878,E01002946
2879,E01002947
2880,E01002948
2881,E01002949
2882,E01002950
2883,E01002951
2884,E01002952
2885,E01002953
2886,E01002954
2887,E01002955
2888,E01002956
2889,E01002957
2890,E01002958
2891,E01002959
2892,E01002960
2893,E01002961
2894,E01002962
2895,E01002963
2896,E01002964
2897,E01002965
2898,E01002966
2899,E01002967
2900,E01002968
2901,E01002969
2902,E01002970
2903,E01002971
2904,E01002972
2905,E01002973
2906,E01002974
2907,E01002975
2908,E01002976
2909,E01002977
2910,E01002978
2911,E01002979
2912,E01002980
2913,E01002981
2914,E01002982
2915,E01002983
2916,E01002984
2917,E01002985
2918,E01002986
2919,E01002987
2920,E01002988
2921,E01002989
2922,E01002990
2923,E01002991
2924,E01002992
2925,E01002993
2926,E01002994
2927,E01002995
2928,E01002996
2929,E01002997
2930,E01002998
2931,E01002999
2932,E01003000
2933,E01003001
2934,E01003002
2935,E01003003
2936,E01003004
2937,E01003005
2938,E01003006
2939,E01003007
2940,E01003008
2941,E01003009
2942,E01003010
2943,E01003011
2944,E01003013
2945,E01003014
2946,E01003015
2947,E01003016
2948,E01003017
2949,E01003018
2950,E01003019
2951,E01003020
2952,E01003021
2953,E01003022
2954,E01003023
2955,E01003024
2956,E01003025
2957,E01003026
2958,E01003027
2959,E01003028
2960,E01003029
2961,E01003030
2962,E01003031
2963,E01003032
2964,E01003033
2965,E01003034
2966,E01003035
2967,E01003036
2968,E01003037
2969,E01003038
2970,E01003039
2971,E01003040
2972,E01003041
2973,E01003042
2974,E01003043
2975,E01003044
2976,E01003045
2977,E01003046
2978,E01003047
2979,E01003048
2980,E01003049
2981,E01003050
2982,E01003051
2983,E01003052
2984,E01003053
2985,E01003054
2986,E01003055
2987,E01003056
2988,E01003057
2989,E01003058
2990,E01003059
2991,E01003060
2992,E01003061
2993,E01003062
2994,E01003063
2995,E01003064
2996,E01003065
2997,E01003066
2998,E01003067
2999,E01003068
3000,E01003069
3001,E01003070
3002,E01003071
3003,E01003072
3004,E01003073
3005,E01003074
3006,E01003075
3007,E01003076
3008,E01003077
3009,E01003078
3010,E01003079
3011,E01003080
3012,E01003081
3013,E01003082
3014,E01003083
3015,E01003084
3016,E01003085
3017,E01003086
3018,E01003087
3019,E01003088
3020,E01003089
3021,E01003090
3022,E01003091
3023,E01003092
3024,E01003093
3025,E01003094
3026,E01003095
3027,E01003096
3028,E01003097
3029,E01003098
3030,E01003099
3031,E01003100
3032,E01003101
3033,E01003102
3034,E01003104
3035,E01003105
3036,E01003106
3037,E01003107
3038,E01003108
3039,E01003109
3040,E01003110
3041,E01003111
3042,E01003112
3043,E01003113
3044,E01003114
3045,E01003115
3046,E01003116
3047,E01003117
3048,E01003118
3049,E01003119
3050,E01003120
3051,E01003121
3052,E01003122
3053,E01003123
3054,E01003124
3055,E01003125
3056,E01003126
3057,E01003127
3058,E01003128
3059,E01003129
3060,E01003130
3061,E01003131
3062,E01003132
3063,E01003133
3064,E01003134
3065,E01003135
3066,E01003136
3067,E01003137
3068,E01003138
3069,E01003139
3070,E01003140
3071,E01003141
3072,E01003142
3073,E01003143
3074,E01003144
3075,E01003145
3076,E01003146
3077,E01003147
3078,E01003148
3079,E01003149
3080,E01003150
3081,E01003151
3082,E01003152
3083,E01003153
3084,E01003154
3085,E01003155
3086,E01003156
3087,E01003157
3088,E01003158
3089,E01003159
3090,E01003160
3091,E01003161
3092,E01003162
3093,E01003163
3094,E01003164
3095,E01003165
3096,E01003166
3097,E01003167
3098,E01003168
3099,E01003169
3100,E01003170
3101,E01003171
3102,E01003172
3103,E01003173
3104,E01003174
3105,E01003175
3106,E01003176
3107,E01003177
3108,E01003178
3109,E01003179
3110,E01003180
3111,E01003181
3112,E01003182
3113,E01003183
3114,E01003184
3115,E01003185
3116,E01003186
3117,E01003187
3118,E01003188
3119,E01003189
3120,E01003190
3121,E01003191
3122,E01003192
3123,E01003193
3124,E01003194
3125,E01003195
3126,E01003196
3127,E01003197
3128,E01003198
3129,E01003199
3130,E01003200
3131,E01003201
3132,E01003202
3133,E01003203
3134,E01003204
3135,E01003205
3136,E01003206
3137,E01003207
3138,E01003209
3139,E01003210
3140,E01003211
3141,E01003212
3142,E01003213
3143,E01003214
3144,E01003215
3145,E01003216
3146,E01003217
3147,E01003218
3148,E01003219
3149,E01003220
3150,E01003221
3151,E01003222
3152,E01003223
3153,E01003224
3154,E01003225
3155,E01003226
3156,E01003227
3157,E01003228
3158,E01003229
3159,E01003230
3160,E01003231
3161,E01003232
3162,E01003233
3163,E01003235
3164,E01003236
3165,E01003237
3166,E01003238
3167,E01003239
3168,E01003240
3169,E01003241
3170,E01003243
3171,E01003244
3172,E01003245
3173,E01003246
3174,E01003247
3175,E01003248
3176,E01003249
3177,E01003250
3178,E01003251
3179,E01003252
3180,E01003253
3181,E01003254
3182,E01003255
3183,E01003256
3184,E01003257
3185,E01003258
3186,E01003259
3187,E01003260
3188,E01003261
3189,E01003262
3190,E01003263
3191,E01003264
3192,E01003265
3193,E01003266
3194,E01003267
3195,E01003268
3196,E01003269
3197,E01003270
3198,E01003271
3199,E01003272
3200,E01003273
3201,E01003274
3202,E01003275
3203,E01003276
3204,E01003277
3205,E01003278
3206,E01003279
3207,E01003280
3208,E01003281
3209,E01003282
3210,E01003283
3211,E01003284
3212,E01003285
3213,E01003286
3214,E01003287
3215,E01003288
3216,E01003290
3217,E01003291
3218,E01003292
3219,E01003293
3220,E01003295
3221,E01003296
3222,E01003297
3223,E01003298
3224,E01003299
3225,E01003300
3226,E01003301
3227,E01003302
3228,E01003303
3229,E01003304
3230,E01003305
3231,E01003307
3232,E01003308
3233,E01003309
3234,E01003310
3235,E01003311
3236,E01003312
3237,E01003313
3238,E01003314
3239,E01003315
3240,E01003316
3241,E01003317
3242,E01003318
3243,E01003319
3244,E01003320
3245,E01003321
3246,E01003322
3247,E01003323
3248,E01003324
3249,E01003325
3250,E01003326
3251,E01003327
3252,E01003328
3253,E01003329
3254,E01003330
3255,E01003331
3256,E01003332
3257,E01003333
3258,E01003334
3259,E01003335
3260,E01003336
3261,E01003337
3262,E01003338
3263,E01003339
3264,E01003340
3265,E01003341
3266,E01003342
3267,E01003343
3268,E01003344
3269,E01003345
3270,E01003346
3271,E01003347
3272,E01003348
3273,E01003349
3274,E01003350
3275,E01003351
3276,E01003352
3277,E01003353
3278,E01003354
3279,E01003355
3280,E01003356
3281,E01003357
3282,E01003358
3283,E01003359
3284,E01003360
3285,E01003361
3286,E01003362
3287,E01003363
3288,E01003364
3289,E01003365
3290,E01003366
3291,E01003367
3292,E01003368
3293,E01003369
3294,E01003370
3295,E01003371
3296,E01003372
3297,E01003373
3298,E01003374
3299,E01003375
3300,E01003376
3301,E01003377
3302,E01003378
3303,E01003379
3304,E01003380
3305,E01003381
3306,E01003382
3307,E01003383
3308,E01003384
3309,E01003385
3310,E01003386
3311,E01003387
3312,E01003388
3313,E01003389
3314,E01003390
3315,E01003391
3316,E01003392
3317,E01003393
3318,E01003394
3319,E01003395
3320,E01003396
3321,E01003397
3322,E01003398
3323,E01003399
3324,E01003400
3325,E01003401
3326,E01003402
3327,E01003403
3328,E01003404
3329,E01003405
3330,E01003406
3331,E01003407
3332,E01003408
3333,E01003409
3334,E01003410
3335,E01003411
3336,E01003412
3337,E01003413
3338,E01003414
3339,E01003415
3340,E01003416
3341,E01003417
3342,E01003418
3343,E01003419
3344,E01003420
3345,E01003421
3346,E01003422
3347,E01003423
3348,E01003424
3349,E01003425
3350,E01003426
3351,E01003427
3352,E01003428
3353,E01003429
3354,E01003430
3355,E01003431
3356,E01003432
3357,E01003433
3358,E01003434
3359,E01003435
3360,E01003436
3361,E01003437
3362,E01003438
3363,E01003439
3364,E01003440
3365,E01003441
3366,E01003442
3367,E01003443
3368,E01003444
3369,E01003445
3370,E01003446
3371,E01003447
3372,E01003448
3373,E01003449
3374,E01003450
3375,E01003451
3376,E01003452
3377,E01003453
3378,E01003454
3379,E01003455
3380,E01003456
3381,E01003457
3382,E01003458
3383,E01003459
3384,E01003460
3385,E01003461
3386,E01003462
3387,E01003463
3388,E01003464
3389,E01003465
3390,E01003466
3391,E01003467
3392,E01003468
3393,E01003469
3394,E01003470
3395,E01003471
3396,E01003472
3397,E01003473
3398,E01003474
3399,E01003475
3400,E01003476
3401,E01003477
3402,E01003478
3403,E01003479
3404,E01003480
3405,E01003481
3406,E01003482
3407,E01003483
3408,E01003484
3409,E01003485
3410,E01003486
3411,E01003487
3412,E01003488
3413,E01003489
3414,E01003490
3415,E01003491
3416,E01003492
3417,E01003493
3418,E01003494
3419,E01003495
3420,E01003496
3421,E01003497
3422,E01003498
3423,E01003499
3424,E01003500
3425,E01003501
3426,E01003502
3427,E01003503
3428,E01003506
3429,E01003507
3430,E01003508
3431,E01003509
3432,E01003511
3433,E01003512
3434,E01003513
3435,E01003514
3436,E01003515
3437,E01003516
3438,E01003517
3439,E01003518
3440,E01003519
3441,E01003520
3442,E01003521
3443,E01003522
3444,E01003523
3445,E01003524
3446,E01003525
3447,E01003526
3448,E01003527
3449,E01003528
3450,E01003529
3451,E01003530
3452,E01003531
3453,E01003532
3454,E01003533
3455,E01003534
3456,E01003535
3457,E01003536
3458,E01003537
3459,E01003538
3460,E01003539
3461,E01003540
3462,E01003541
3463,E01003542
3464,E01003543
3465,E01003544
3466,E01003545
3467,E01003546
3468,E01003547
3469,E01003548
3470,E01003549
3471,E01003550
3472,E01003551
3473,E01003552
3474,E01003553
3475,E01003554
3476,E01003555
3477,E01003556
3478,E01003557
3479,E01003558
3480,E01003559
3481,E01003560
3482,E01003561
3483,E01003562
3484,E01003563
3485,E01003564
3486,E01003565
3487,E01003566
3488,E01003567
3489,E01003568
3490,E01003569
3491,E01003570
3492,E01003571
3493,E01003572
3494,E01003573
3495,E01003574
3496,E01003575
3497,E01003576
3498,E01003577
3499,E01003578
3500,E01003579
3501,E01003580
3502,E01003581
3503,E01003582
3504,E01003583
3505,E01003584
3506,E01003585
3507,E01003586
3508,E01003587
3509,E01003588
3510,E01003589
3511,E01003590
3512,E01003591
3513,E01003592
3514,E01003593
3515,E01003594
3516,E01003595
3517,E01003596
3518,E01003597
3519,E01003598
3520,E01003599
3521,E01003600
3522,E01003601
3523,E01003602
3524,E01003603
3525,E01003604
3526,E01003605
3527,E01003606
3528,E01003607
3529,E01003608
3530,E01003609
3531,E01003611
3532,E01003615
3533,E01003616
3534,E01003617
3535,E01003618
3536,E01003619
3537,E01003621
3538,E01003622
3539,E01003623
3540,E01003624
3541,E01003625
3542,E01003626
3543,E01003627
3544,E01003628
3545,E01003629
3546,E01003630
3547,E01003631
3548,E01003632
3549,E01003633
3550,E01003634
3551,E01003635
3552,E01003636
3553,E01003637
3554,E01003638
3555,E01003639
3556,E01003640
3557,E01003641
3558,E01003642
3559,E01003643
3560,E01003644
3561,E01003645
3562,E01003646
3563,E01003647
3564,E01003648
3565,E01003649
3566,E01003650
3567,E01003651
3568,E01003652
3569,E01003653
3570,E01003654
3571,E01003655
3572,E01003656
3573,E01003657
3574,E01003658
3575,E01003659
3576,E01003660
3577,E01003661
3578,E01003662
3579,E01003663
3580,E01003664
3581,E01003665
3582,E01003666
3583,E01003668
3584,E01003669
3585,E01003670
3586,E01003671
3587,E01003672
3588,E01003673
3589,E01003674
3590,E01003675
3591,E01003676
3592,E01003677
3593,E01003678
3594,E01003679
3595,E01003680
3596,E01003681
3597,E01003682
3598,E01003683
3599,E01003684
3600,E01003685
3601,E01003686
3602,E01003688
3603,E01003689
3604,E01003690
3605,E01003691
3606,E01003692
3607,E01003693
3608,E01003694
3609,E01003695
3610,E01003696
3611,E01003697
3612,E01003698
3613,E01003699
3614,E01003700
3615,E01003701
3616,E01003702
3617,E01003703
3618,E01003704
3619,E01003705
3620,E01003706
3621,E01003707
3622,E01003708
3623,E01003709
3624,E01003710
3625,E01003711
3626,E01003712
3627,E01003713
3628,E01003714
3629,E01003715
3630,E01003716
3631,E01003718
3632,E01003719
3633,E01003720
3634,E01003722
3635,E01003723
3636,E01003724
3637,E01003725
3638,E01003726
3639,E01003727
3640,E01003728
3641,E01003729
3642,E01003730
3643,E01003731
3644,E01003732
3645,E01003733
3646,E01003734
3647,E01003735
3648,E01003736
3649,E01003737
3650,E01003738
3651,E01003739
3652,E01003740
3653,E01003741
3654,E01003742
3655,E01003743
3656,E01003744
3657,E01003745
3658,E01003746
3659,E01003747
3660,E01003748
3661,E01003749
3662,E01003750
3663,E01003751
3664,E01003752
3665,E01003753
3666,E01003754
3667,E01003755
3668,E01003756
3669,E01003757
3670,E01003758
3671,E01003759
3672,E01003760
3673,E01003761
3674,E01003762
3675,E01003763
3676,E01003764
3677,E01003765
3678,E01003766
3679,E01003767
3680,E01003768
3681,E01003769
3682,E01003770
3683,E01003771
3684,E01003772
3685,E01003773
3686,E01003774
3687,E01003775
3688,E01003776
3689,E01003777
3690,E01003778
3691,E01003779
3692,E01003780
3693,E01003781
3694,E01003782
3695,E01003783
3696,E01003784
3697,E01003785
3698,E01003786
3699,E01003787
3700,E01003788
3701,E01003789
3702,E01003790
3703,E01003791
3704,E01003792
3705,E01003793
3706,E01003794
3707,E01003795
3708,E01003796
3709,E01003797
3710,E01003798
3711,E01003799
3712,E01003800
3713,E01003801
3714,E01003802
3715,E01003803
3716,E01003804
3717,E01003805
3718,E01003806
3719,E01003807
3720,E01003808
3721,E01003809
3722,E01003810
3723,E01003811
3724,E01003812
3725,E01003813
3726,E01003814
3727,E01003815
3728,E01003816
3729,E01003817
3730,E01003818
3731,E01003819
3732,E01003820
3733,E01003821
3734,E01003822
3735,E01003823
3736,E01003824
3737,E01003825
3738,E01003826
3739,E01003827
3740,E01003828
3741,E01003829
3742,E01003830
3743,E01003831
3744,E01003832
3745,E01003833
3746,E01003834
3747,E01003835
3748,E01003836
3749,E01003837
3750,E01003838
3751,E01003839
3752,E01003840
3753,E01003841
3754,E01003842
3755,E01003843
3756,E01003844
3757,E01003845
3758,E01003846
3759,E01003847
3760,E01003848
3761,E01003849
3762,E01003851
3763,E01003852
3764,E01003853
3765,E01003854
3766,E01003855
3767,E01003856
3768,E01003857
3769,E01003858
3770,E01003859
3771,E01003860
3772,E01003861
3773,E01003862
3774,E01003863
3775,E01003864
3776,E01003865
3777,E01003866
3778,E01003867
3779,E01003868
3780,E01003869
3781,E01003870
3782,E01003871
3783,E01003872
3784,E01003873
3785,E01003874
3786,E01003875
3787,E01003876
3788,E01003877
3789,E01003878
3790,E01003879
3791,E01003880
3792,E01003881
3793,E01003882
3794,E01003883
3795,E01003884
3796,E01003885
3797,E01003886
3798,E01003887
3799,E01003888
3800,E01003889
3801,E01003890
3802,E01003891
3803,E01003892
3804,E01003893
3805,E01003894
3806,E01003895
3807,E01003896
3808,E01003897
3809,E01003898
3810,E01003899
3811,E01003900
3812,E01003901
3813,E01003902
3814,E01003903
3815,E01003904
3816,E01003905
3817,E01003906
3818,E01003907
3819,E01003908
3820,E01003909
3821,E01003910
3822,E01003911
3823,E01003912
3824,E01003913
3825,E01003914
3826,E01003915
3827,E01003916
3828,E01003917
3829,E01003918
3830,E01003919
3831,E01003920
3832,E01003921
3833,E01003922
3834,E01003923
3835,E01003924
3836,E01003925
3837,E01003926
3838,E01003927
3839,E01003929
3840,E01003930
3841,E01003932
3842,E01003933
3843,E01003934
3844,E01003935
3845,E01003936
3846,E01003937
3847,E01003938
3848,E01003939
3849,E01003940
3850,E01003941
3851,E01003942
3852,E01003943
3853,E01003945
3854,E01003946
3855,E01003947
3856,E01003948
3857,E01003949
3858,E01003950
3859,E01003951
3860,E01003952
3861,E01003953
3862,E01003954
3863,E01003955
3864,E01003956
3865,E01003957
3866,E01003958
3867,E01003960
3868,E01003961
3869,E01003963
3870,E01003964
3871,E01003966
3872,E01003967
3873,E01003968
3874,E01003969
3875,E01003970
3876,E01003971
3877,E01003972
3878,E01003973
3879,E01003974
3880,E01003975
3881,E01003976
3882,E01003977
3883,E01003978
3884,E01003979
3885,E01003980
3886,E01003981
3887,E01003983
3888,E01003984
3889,E01003986
3890,E01003987
3891,E01003988
3892,E01003989
3893,E01003990
3894,E01003991
3895,E01003992
3896,E01003993
3897,E01003994
3898,E01003995
3899,E01003997
3900,E01003998
3901,E01003999
3902,E01004000
3903,E01004001
3904,E01004002
3905,E01004003
3906,E01004004
3907,E01004005
3908,E01004006
3909,E01004007
3910,E01004008
3911,E01004010
3912,E01004011
3913,E01004012
3914,E01004013
3915,E01004014
3916,E01004015
3917,E01004016
3918,E01004017
3919,E01004018
3920,E01004019
3921,E01004020
3922,E01004021
3923,E01004022
3924,E01004023
3925,E01004024
3926,E01004027
3927,E01004028
3928,E01004029
3929,E01004030
3930,E01004031
3931,E01004032
3932,E01004033
3933,E01004034
3934,E01004035
3935,E01004036
3936,E01004037
3937,E01004038
3938,E01004039
3939,E01004040
3940,E01004041
3941,E01004042
3942,E01004043
3943,E01004044
3944,E01004045
3945,E01004046
3946,E01004047
3947,E01004048
3948,E01004049
3949,E01004050
3950,E01004051
3951,E01004052
3952,E01004053
3953,E01004054
3954,E01004055
3955,E01004056
3956,E01004057
3957,E01004058
3958,E01004059
3959,E01004060
3960,E01004061
3961,E01004062
3962,E01004063
3963,E01004064
3964,E01004065
3965,E01004066
3966,E01004067
3967,E01004068
3968,E01004069
3969,E01004070
3970,E01004071
3971,E01004072
3972,E01004073
3973,E01004074
3974,E01004075
3975,E01004076
3976,E01004077
3977,E01004078
3978,E01004079
3979,E01004080
3980,E01004081
3981,E01004082
3982,E01004083
3983,E01004084
3984,E01004085
3985,E01004086
3986,E01004087
3987,E01004088
3988,E01004089
3989,E01004090
3990,E01004091
3991,E01004092
3992,E01004093
3993,E01004094
3994,E01004095
3995,E01004096
3996,E01004097
3997,E01004098
3998,E01004099
3999,E01004100
4000,E01004101
4001,E01004102
4002,E01004103
4003,E01004104
4004,E01004105
4005,E01004106
4006,E01004107
4007,E01004108
4008,E01004109
4009,E01004110
4010,E01004111
4011,E01004112
4012,E01004114
4013,E01004115
4014,E01004116
4015,E01004117
4016,E01004118
4017,E01004119
4018,E01004120
4019,E01004121
4020,E01004122
4021,E01004123
4022,E01004124
4023,E01004125
4024,E01004126
4025,E01004127
4026,E01004128
4027,E01004129
4028,E01004130
4029,E01004131
4030,E01004132
4031,E01004133
4032,E01004134
4033,E01004135
4034,E01004136
4035,E01004137
4036,E01004138
4037,E01004139
4038,E01004140
4039,E01004141
4040,E01004142
4041,E01004143
4042,E01004144
4043,E01004145
4044,E01004146
4045,E01004147
4046,E01004148
4047,E01004149
4048,E01004150
4049,E01004151
4050,E01004152
4051,E01004153
4052,E01004154
4053,E01004155
4054,E01004156
4055,E01004157
4056,E01004158
4057,E01004159
4058,E01004160
4059,E01004161
4060,E01004162
4061,E01004163
4062,E01004164
4063,E01004165
4064,E01004166
4065,E01004167
4066,E01004168
4067,E01004169
4068,E01004170
4069,E01004171
4070,E01004172
4071,E01004173
4072,E01004174
4073,E01004175
4074,E01004176
4075,E01004177
4076,E01004178
4077,E01004179
4078,E01004180
4079,E01004181
4080,E01004182
4081,E01004183
4082,E01004184
4083,E01004185
4084,E01004186
4085,E01004187
4086,E01004188
4087,E01004189
4088,E01004190
4089,E01004191
4090,E01004192
4091,E01004193
4092,E01004194
4093,E01004195
4094,E01004196
4095,E01004197
4096,E01004198
4097,E01004199
4098,E01004200
4099,E01004201
4100,E01004202
4101,E01004203
4102,E01004204
4103,E01004205
4104,E01004206
4105,E01004207
4106,E01004208
4107,E01004209
4108,E01004211
4109,E01004212
4110,E01004214
4111,E01004215
4112,E01004216
4113,E01004217
4114,E01004218
4115,E01004219
4116,E01004221
4117,E01004222
4118,E01004223
4119,E01004224
4120,E01004225
4121,E01004226
4122,E01004228
4123,E01004229
4124,E01004230
4125,E01004231
4126,E01004232
4127,E01004233
4128,E01004234
4129,E01004235
4130,E01004236
4131,E01004237
4132,E01004238
4133,E01004239
4134,E01004240
4135,E01004241
4136,E01004242
4137,E01004243
4138,E01004244
4139,E01004245
4140,E01004246
4141,E01004247
4142,E01004248
4143,E01004249
4144,E01004250
4145,E01004251
4146,E01004252
4147,E01004253
4148,E01004254
4149,E01004255
4150,E01004256
4151,E01004257
4152,E01004258
4153,E01004259
4154,E01004260
4155,E01004261
4156,E01004262
4157,E01004263
4158,E01004264
4159,E01004266
4160,E01004267
4161,E01004268
4162,E01004269
4163,E01004270
4164,E01004271
4165,E01004272
4166,E01004273
4167,E01004274
4168,E01004275
4169,E01004276
4170,E01004277
4171,E01004280
4172,E01004281
4173,E01004283
4174,E01004284
4175,E01004285
4176,E01004286
4177,E01004287
4178,E01004288
4179,E01004289
4180,E01004290
4181,E01004291
4182,E01004292
4183,E01004293
4184,E01004294
4185,E01004295
4186,E01004296
4187,E01004297
4188,E01004298
4189,E01004300
4190,E01004301
4191,E01004302
4192,E01004303
4193,E01004304
4194,E01004305
4195,E01004306
4196,E01004307
4197,E01004308
4198,E01004309
4199,E01004310
4200,E01004311
4201,E01004312
4202,E01004313
4203,E01004314
4204,E01004315
4205,E01004316
4206,E01004317
4207,E01004318
4208,E01004319
4209,E01004321
4210,E01004322
4211,E01004323
4212,E01004324
4213,E01004325
4214,E01004326
4215,E01004327
4216,E01004328
4217,E01004329
4218,E01004330
4219,E01004331
4220,E01004332
4221,E01004333
4222,E01004334
4223,E01004335
4224,E01004336
4225,E01004337
4226,E01004338
4227,E01004339
4228,E01004340
4229,E01004341
4230,E01004342
4231,E01004343
4232,E01004344
4233,E01004345
4234,E01004346
4235,E01004347
4236,E01004348
4237,E01004349
4238,E01004350
4239,E01004351
4240,E01004352
4241,E01004353
4242,E01004354
4243,E01004355
4244,E01004356
4245,E01004357
4246,E01004358
4247,E01004359
4248,E01004360
4249,E01004361
4250,E01004362
4251,E01004363
4252,E01004364
4253,E01004365
4254,E01004366
4255,E01004367
4256,E01004368
4257,E01004369
4258,E01004370
4259,E01004371
4260,E01004372
4261,E01004373
4262,E01004374
4263,E01004375
4264,E01004376
4265,E01004377
4266,E01004378
4267,E01004379
4268,E01004380
4269,E01004381
4270,E01004382
4271,E01004383
4272,E01004384
4273,E01004385
4274,E01004386
4275,E01004387
4276,E01004388
4277,E01004389
4278,E01004390
4279,E01004391
4280,E01004392
4281,E01004393
4282,E01004394
4283,E01004395
4284,E01004396
4285,E01004397
4286,E01004398
4287,E01004399
4288,E01004400
4289,E01004401
4290,E01004402
4291,E01004403
4292,E01004404
4293,E01004405
4294,E01004406
4295,E01004407
4296,E01004408
4297,E01004409
4298,E01004410
4299,E01004411
4300,E01004412
4301,E01004413
4302,E01004414
4303,E01004415
4304,E01004416
4305,E01004417
4306,E01004418
4307,E01004419
4308,E01004420
4309,E01004421
4310,E01004422
4311,E01004423
4312,E01004424
4313,E01004425
4314,E01004426
4315,E01004427
4316,E01004428
4317,E01004429
4318,E01004430
4319,E01004432
4320,E01004434
4321,E01004435
4322,E01004436
4323,E01004437
4324,E01004438
4325,E01004439
4326,E01004440
4327,E01004441
4328,E01004442
4329,E01004443
4330,E01004444
4331,E01004445
4332,E01004446
4333,E01004447
4334,E01004448
4335,E01004449
4336,E01004450
4337,E01004451
4338,E01004452
4339,E01004453
4340,E01004454
4341,E01004455
4342,E01004456
4343,E01004457
4344,E01004458
4345,E01004459
4346,E01004460
4347,E01004461
4348,E01004462
4349,E01004463
4350,E01004464
4351,E01004465
4352,E01004466
4353,E01004467
4354,E01004468
4355,E01004469
4356,E01004470
4357,E01004471
4358,E01004472
4359,E01004473
4360,E01004474
4361,E01004475
4362,E01004476
4363,E01004477
4364,E01004478
4365,E01004479
4366,E01004480
4367,E01004481
4368,E01004482
4369,E01004483
4370,E01004484
4371,E01004485
4372,E01004486
4373,E01004487
4374,E01004488
4375,E01004489
4376,E01004490
4377,E01004491
4378,E01004492
4379,E01004493
4380,E01004494
4381,E01004495
4382,E01004496
4383,E01004497
4384,E01004498
4385,E01004499
4386,E01004500
4387,E01004501
4388,E01004502
4389,E01004503
4390,E01004504
4391,E01004505
4392,E01004506
4393,E01004507
4394,E01004508
4395,E01004509
4396,E01004510
4397,E01004511
4398,E01004512
4399,E01004513
4400,E01004514
4401,E01004515
4402,E01004516
4403,E01004517
4404,E01004518
4405,E01004519
4406,E01004520
4407,E01004521
4408,E01004522
4409,E01004523
4410,E01004524
4411,E01004525
4412,E01004526
4413,E01004527
4414,E01004528
4415,E01004529
4416,E01004530
4417,E01004531
4418,E01004532
4419,E01004533
4420,E01004534
4421,E01004535
4422,E01004536
4423,E01004537
4424,E01004538
4425,E01004539
4426,E01004540
4427,E01004541
4428,E01004542
4429,E01004543
4430,E01004544
4431,E01004545
4432,E01004546
4433,E01004547
4434,E01004548
4435,E01004549
4436,E01004550
4437,E01004551
4438,E01004552
4439,E01004553
4440,E01004554
4441,E01004555
4442,E01004556
4443,E01004557
4444,E01004558
4445,E01004559
4446,E01004560
4447,E01004562
4448,E01004563
4449,E01004564
4450,E01004565
4451,E01004566
4452,E01004567
4453,E01004568
4454,E01004569
4455,E01004570
4456,E01004571
4457,E01004572
4458,E01004573
4459,E01004574
4460,E01004575
4461,E01004576
4462,E01004577
4463,E01004579
4464,E01004580
4465,E01004581
4466,E01004582
4467,E01004583
4468,E01004584
4469,E01004585
4470,E01004586
4471,E01004587
4472,E01004588
4473,E01004589
4474,E01004590
4475,E01004591
4476,E01004592
4477,E01004593
4478,E01004594
4479,E01004595
4480,E01004596
4481,E01004597
4482,E01004598
4483,E01004599
4484,E01004600
4485,E01004601
4486,E01004602
4487,E01004604
4488,E01004605
4489,E01004606
4490,E01004607
4491,E01004608
4492,E01004609
4493,E01004610
4494,E01004611
4495,E01004612
4496,E01004613
4497,E01004614
4498,E01004615
4499,E01004616
4500,E01004617
4501,E01004618
4502,E01004619
4503,E01004620
4504,E01004621
4505,E01004622
4506,E01004623
4507,E01004624
4508,E01004625
4509,E01004626
4510,E01004627
4511,E01004628
4512,E01004629
4513,E01004630
4514,E01004631
4515,E01004632
4516,E01004633
4517,E01004634
4518,E01004635
4519,E01004636
4520,E01004637
4521,E01004638
4522,E01004639
4523,E01004640
4524,E01004641
4525,E01004642
4526,E01004643
4527,E01004644
4528,E01004645
4529,E01004646
4530,E01004647
4531,E01004648
4532,E01004649
4533,E01004650
4534,E01004651
4535,E01004652
4536,E01004653
4537,E01004654
4538,E01004656
4539,E01004657
4540,E01004658
4541,E01004659
4542,E01004660
4543,E01004661
4544,E01004662
4545,E01004663
4546,E01004665
4547,E01004666
4548,E01004667
4549,E01004668
4550,E01004669
4551,E01004670
4552,E01004674
4553,E01004675
4554,E01004676
4555,E01004677
4556,E01004678
4557,E01004679
4558,E01004680
4559,E01004681
4560,E01004682
4561,E01004683
4562,E01004684
4563,E01004686
4564,E01004687
4565,E01004688
4566,E01004689
4567,E01004690
4568,E01004691
4569,E01004692
4570,E01004693
4571,E01004694
4572,E01004695
4573,E01004696
4574,E01004697
4575,E01004698
4576,E01004699
4577,E01004700
4578,E01004701
4579,E01004702
4580,E01004703
4581,E01004705
4582,E01004706
4583,E01004707
4584,E01004708
4585,E01004709
4586,E01004710
4587,E01004711
4588,E01004712
4589,E01004713
4590,E01004714
4591,E01004715
4592,E01004716
4593,E01004717
4594,E01004718
4595,E01004719
4596,E01004720
4597,E01004721
4598,E01004722
4599,E01004723
4600,E01004724
4601,E01004725
4602,E01004726
4603,E01004727
4604,E01004728
4605,E01004729
4606,E01004730
4607,E01004731
4608,E01004732
4609,E01004733
4610,E01004734
4611,E01004735
4612,E01004736
4613,E01004737
4614,E01004738
4615,E01004739
4616,E01004740
4617,E01004741
4618,E01004742
4619,E01004743
4620,E01004744
4621,E01004745
4622,E01004746
4623,E01004747
4624,E01004748
4625,E01004749
4626,E01004750
4627,E01004751
4628,E01004752
4629,E01004753
4630,E01004754
4631,E01004755
4632,E01004756
4633,E01004757
4634,E01004760
4635,E01004761
4636,E01004762
4637,E01004763
4638,E01004765
4639,E01032512
4640,E01032513
4641,E01032562
4642,E01032563
4643,E01032564
4644,E01032565
4645,E01032566
4646,E01032567
4647,E01032568
4648,E01032569
4649,E01032570
4650,E01032572
4651,E01032573
4652,E01032574
4653,E01032575
4654,E01032576
4655,E01032577
4656,E01032579
4657,E01032580
4658,E01032581
4659,E01032582
4660,E01032583
4661,E01032584
4662,E01032623
4663,E01032637
4664,E01032638
4665,E01032639
4666,E01032640
4667,E01032646
4668,E01032719
4669,E01032722
4670,E01032739
4671,E01032740
4672,E01032741
4673,E01032742
4674,E01032743
4675,E01032744
4676,E01032764
4677,E01032765
4678,E01032766
4679,E01032767
4680,E01032768
4681,E01032769
4682,E01032770
4683,E01032771
4684,E01032772
4685,E01032773
4686,E01032774
4687,E01032776
4688,E01032777
4689,E01032778
4690,E01032779
4691,E01032780
4692,E01032781
4693,E01032782
4694,E01032783
4695,E01032784
4696,E01032785
4697,E01032786
4698,E01032787
4699,E01032788
4700,E01032789
4701,E01032790
4702,E01032803
4703,E01032805
4704,E01032834
4705,E01033000
4706,E01033030
4707,E01033081
4708,E01033082
4709,E01033083
4710,E01033084
4711,E01033085
4712,E01033086
4713,E01033093
4714,E01033098
4715,E01033099
4716,E01033100
4717,E01033101
4718,E01033132
4719,E01033133
4720,E01033135
4721,E01033146
4722,E01033150
4723,E01033151
4724,E01033153
4725,E01033207
4726,E01033208
4727,E01033320
4728,E01033322
4729,E01033324
4730,E01033325
4731,E01033327
4732,E01033341
4733,E01033424
4734,E01033455
4735,E01033456
4736,E01033457
4737,E01033463
4738,E01033464
4739,E01033485
4740,E01033486
4741,E01033487
4742,E01033488
4743,E01033489
4744,E01033490
4745,E01033491
4746,E01033492
4747,E01033493
4748,E01033494
4749,E01033568
4750,E01033569
4751,E01033570
4752,E01033571
4753,E01033572
4754,E01033573
4755,E01033574
4756,E01033575
4757,E01033576
4758,E01033577
4759,E01033578
4760,E01033579
4761,E01033580
4762,E01033581
4763,E01033582
4764,E01033583
4765,E01033584
4766,E01033585
4767,E01033586
4768,E01033587
4769,E01033588
4770,E01033589
4771,E01033590
4772,E01033591
4773,E01033592
4774,E01033593
4775,E01033594
4776,E01033595
4777,E01033596
4778,E01033597
4779,E01033598
4780,E01033599
4781,E01033600
4782,E01033601
4783,E01033602
4784,E01033603
4785,E01033604
4786,E01033605
4787,E01033606
4788,E01033607
4789,E01033608
4790,E01033698
4791,E01033699
4792,E01033700
4793,E01033701
4794,E01033702
4795,E01033703
4796,E01033704
4797,E01033705
4798,E01033706
4799,E01033707
4800,E01033708
4801,E01033709
4802,E01033710
4803,E01033711
4804,E01033712
4805,E01033713
4806,E01033724
4807,E01033725
4808,E01033726
4809,E01033727
4810,E01033728
4811,E01033729
4812,E01033730
4813,E01033731
4814,E01033732
4815,E01033733
4816,E01033734
4817,E01033735
4818,E01033736
4819,E01033737
4820,E01033738
4821,E01033739
4822,E01033740
4823,E01033741
4824,E01033742
4825,E01033743
4826,E01033744
4827,E01033745
4828,E01033746
