,Unnamed: 0.1,clusters,clusters_2011_edited,clusters_2011_cleanup,idx,oa_name_x,OA11CD,LSOA11CD,panoid,lat,lon,oa_name_y
0,592082_b,10,1,Green space,592082,E00022087,E00022087,E01004392,qCA5UHXMl5kPmoEa9x1cXw,51.5843480269981,-0.028781038046757,E00022087
1,592082_d,18,0,High-density,592082,E00022087,E00022087,E01004392,qCA5UHXMl5kPmoEa9x1cXw,51.5843480269981,-0.028781038046757,E00022087
2,592083_b,10,1,Green space,592083,E00022087,E00022087,E01004392,UiZy0iQbJGsfzO_mNHjdyw,51.5845300095356,-0.0288682098329027,E00022087
3,592083_d,18,0,High-density,592083,E00022087,E00022087,E01004392,UiZy0iQbJGsfzO_mNHjdyw,51.5845300095356,-0.0288682098329027,E00022087
4,592092_d,19,19,,592092,E00022087,E00022087,E01004392,TEwX8OWvDqD8Zy86r9-scw,51.58425223452,-0.0284417056514796,E00022087
5,592092_b,0,12,,592092,E00022087,E00022087,E01004392,TEwX8OWvDqD8Zy86r9-scw,51.58425223452,-0.0284417056514796,E00022087
6,592068_b,19,19,,592068,E00022087,E00022087,E01004392,YsSL4RZrfssosJPnDjYySQ,51.5854366524062,-0.0291764219654174,E00022087
7,592068_d,12,18,,592068,E00022087,E00022087,E01004392,YsSL4RZrfssosJPnDjYySQ,51.5854366524062,-0.0291764219654174,E00022087
8,592081_d,7,3,,592081,E00022087,E00022087,E01004392,Qe6h-jpaoam2Tzmqqes4pA,51.5841891906337,-0.0287014252906872,E00022087
9,592081_b,7,3,,592081,E00022087,E00022087,E01004392,Qe6h-jpaoam2Tzmqqes4pA,51.5841891906337,-0.0287014252906872,E00022087
10,592088_d,18,0,High-density,592088,E00022087,E00022087,E01004392,hhp95KIESjEcQTfkZipSCQ,51.5852471035846,-0.0274435943118521,E00022087
11,592088_b,18,0,High-density,592088,E00022087,E00022087,E01004392,hhp95KIESjEcQTfkZipSCQ,51.5852471035846,-0.0274435943118521,E00022087
12,592251_d,0,12,,592251,E00022087,E00022087,E01004392,8ty2pJ34j5BhHbK9bNAIqA,51.5856116701066,-0.0261809817550883,E00022087
13,592251_b,18,0,High-density,592251,E00022087,E00022087,E01004392,8ty2pJ34j5BhHbK9bNAIqA,51.5856116701066,-0.0261809817550883,E00022087
14,592075_d,18,0,High-density,592075,E00022087,E00022087,E01004392,9voR7eQT-e5_KlklA0c6nw,51.5859766260171,-0.0277328990154397,E00022087
15,592075_b,18,0,High-density,592075,E00022087,E00022087,E01004392,9voR7eQT-e5_KlklA0c6nw,51.5859766260171,-0.0277328990154397,E00022087
16,592072_b,18,0,High-density,592072,E00022087,E00022087,E01004392,wS-AM65ctvG8qWdkcCGvcg,51.5858132099258,-0.0283927032187954,E00022087
17,592072_d,18,0,High-density,592072,E00022087,E00022087,E01004392,wS-AM65ctvG8qWdkcCGvcg,51.5858132099258,-0.0283927032187954,E00022087
18,592076_b,18,0,High-density,592076,E00022087,E00022087,E01004392,YDAkluo49-nNuN7f4S4Lpw,51.5860960885452,-0.0273150503432983,E00022087
19,592076_d,18,0,High-density,592076,E00022087,E00022087,E01004392,YDAkluo49-nNuN7f4S4Lpw,51.5860960885452,-0.0273150503432983,E00022087
20,592060_b,7,3,,592060,E00022087,E00022087,E01004392,N5lIzwBj7S7eKxmWYoIs7w,51.5855377096559,-0.0291987177885826,E00022087
21,592060_d,7,3,,592060,E00022087,E00022087,E01004392,N5lIzwBj7S7eKxmWYoIs7w,51.5855377096559,-0.0291987177885826,E00022087
22,592066_d,18,0,High-density,592066,E00022087,E00022087,E01004392,JDPPGL_DOV7QQt8hcWDtsA,51.5846681882025,-0.0289332229601574,E00022087
23,592066_b,17,9,Low-density,592066,E00022087,E00022087,E01004392,JDPPGL_DOV7QQt8hcWDtsA,51.5846681882025,-0.0289332229601574,E00022087
24,592084_b,16,5,,592084,E00022087,E00022087,E01004392,wW0txLy2VdqXpoBEc5OJiQ,51.5849384182125,-0.028486254369985,E00022087
25,592084_d,16,5,,592084,E00022087,E00022087,E01004392,wW0txLy2VdqXpoBEc5OJiQ,51.5849384182125,-0.028486254369985,E00022087
26,592067_b,7,3,,592067,E00022087,E00022087,E01004392,9GeRlvdipok3rT2M9YucFA,51.5848644421762,-0.0287282643066299,E00022087
27,592067_d,7,3,,592067,E00022087,E00022087,E01004392,9GeRlvdipok3rT2M9YucFA,51.5848644421762,-0.0287282643066299,E00022087
28,592070_d,7,3,,592070,E00022087,E00022087,E01004392,2dedWIBiNxJSSGuJxmxxYQ,51.5856640284772,-0.028929508890421,E00022087
29,592070_b,7,3,,592070,E00022087,E00022087,E01004392,2dedWIBiNxJSSGuJxmxxYQ,51.5856640284772,-0.028929508890421,E00022087
30,592069_d,18,0,High-density,592069,E00022087,E00022087,E01004392,4B4xaGK5MIJR21r_c_6PBw,51.585518426058,-0.0291788198876559,E00022087
31,592069_b,4,4,Low-density,592069,E00022087,E00022087,E01004392,4B4xaGK5MIJR21r_c_6PBw,51.585518426058,-0.0291788198876559,E00022087
32,592132_b,18,0,High-density,592132,E00022087,E00022087,E01004392,gkLl2FICrMdsuXwp7xKb3w,51.5855341493924,-0.0264569547376203,E00022087
33,592132_d,18,0,High-density,592132,E00022087,E00022087,E01004392,gkLl2FICrMdsuXwp7xKb3w,51.5855341493924,-0.0264569547376203,E00022087
34,592133_b,18,0,High-density,592133,E00022087,E00022087,E01004392,Yijsgi26kMmQanpDBBDaGw,51.5855284425126,-0.0264793071445751,E00022087
35,592133_d,18,0,High-density,592133,E00022087,E00022087,E01004392,Yijsgi26kMmQanpDBBDaGw,51.5855284425126,-0.0264793071445751,E00022087
36,592073_b,18,0,High-density,592073,E00022087,E00022087,E01004392,ngWPfAilcihE_Fqfd3E-ag,51.585872967281,-0.0281386920424769,E00022087
37,592073_d,18,0,High-density,592073,E00022087,E00022087,E01004392,ngWPfAilcihE_Fqfd3E-ag,51.585872967281,-0.0281386920424769,E00022087
38,592080_d,7,3,,592080,E00022087,E00022087,E01004392,3grzjLCqt8boztfp-5WabA,51.5863742958856,-0.0262451420615076,E00022087
39,592080_b,7,3,,592080,E00022087,E00022087,E01004392,3grzjLCqt8boztfp-5WabA,51.5863742958856,-0.0262451420615076,E00022087
40,592085_d,18,0,High-density,592085,E00022087,E00022087,E01004392,C8f0G20sZhAdZ8ACojdtbg,51.5850131875682,-0.0282171808492533,E00022087
41,592085_b,18,0,High-density,592085,E00022087,E00022087,E01004392,C8f0G20sZhAdZ8ACojdtbg,51.5850131875682,-0.0282171808492533,E00022087
42,592074_d,18,0,High-density,592074,E00022087,E00022087,E01004392,pOKavyuzGEOpRNAu488-nw,51.5859460006775,-0.0278642516803934,E00022087
43,592074_b,18,0,High-density,592074,E00022087,E00022087,E01004392,pOKavyuzGEOpRNAu488-nw,51.5859460006775,-0.0278642516803934,E00022087
44,592071_b,11,13,Estates,592071,E00022087,E00022087,E01004392,GjhGz8jbll2H8WIdkdcUiA,51.5857467081251,-0.0286380218810637,E00022087
45,592071_d,7,3,,592071,E00022087,E00022087,E01004392,GjhGz8jbll2H8WIdkdcUiA,51.5857467081251,-0.0286380218810637,E00022087
46,592091_b,18,0,High-density,592091,E00022087,E00022087,E01004392,GGyGxhgxyOZ13iB1Tf6yEQ,51.5854676608647,-0.0266614391797238,E00022087
47,592091_d,12,18,,592091,E00022087,E00022087,E01004392,GGyGxhgxyOZ13iB1Tf6yEQ,51.5854676608647,-0.0266614391797238,E00022087
48,592078_d,7,3,,592078,E00022087,E00022087,E01004392,eP4BJLweCO-oqYMu5OsH7w,51.5862307094901,-0.0268415529985515,E00022087
49,592078_b,18,0,High-density,592078,E00022087,E00022087,E01004392,eP4BJLweCO-oqYMu5OsH7w,51.5862307094901,-0.0268415529985515,E00022087
50,592079_d,7,3,,592079,E00022087,E00022087,E01004392,7QUimQplO6hGvJ2WD50J8A,51.5862852845226,-0.0266337111290841,E00022087
51,592079_b,7,3,,592079,E00022087,E00022087,E01004392,7QUimQplO6hGvJ2WD50J8A,51.5862852845226,-0.0266337111290841,E00022087
52,592077_b,16,5,,592077,E00022087,E00022087,E01004392,444Xg9hTTrMxwq-sS1DTwg,51.5861682698438,-0.0270425393272344,E00022087
53,592077_d,16,5,,592077,E00022087,E00022087,E01004392,444Xg9hTTrMxwq-sS1DTwg,51.5861682698438,-0.0270425393272344,E00022087
54,591976_d,10,1,Green space,591976,E00022108,E00022108,E01004392,_N7fLaauKd9rmm73YS4u1g,51.5855782430926,-0.0324686432777014,E00022108
55,591976_b,0,12,,591976,E00022108,E00022108,E01004392,_N7fLaauKd9rmm73YS4u1g,51.5855782430926,-0.0324686432777014,E00022108
56,591920_b,10,1,Green space,591920,E00022108,E00022108,E01004392,MFiWMd0m5BZNt9QVTI0o5Q,51.5855776867054,-0.0324501455426903,E00022108
57,591920_d,0,12,,591920,E00022108,E00022108,E01004392,MFiWMd0m5BZNt9QVTI0o5Q,51.5855776867054,-0.0324501455426903,E00022108
58,591921_b,10,1,Green space,591921,E00022108,E00022108,E01004392,IVb6LJqSlW2wMQZJcve8GA,51.5854933051346,-0.0328078057207348,E00022108
59,591921_d,18,0,High-density,591921,E00022108,E00022108,E01004392,IVb6LJqSlW2wMQZJcve8GA,51.5854933051346,-0.0328078057207348,E00022108
60,591915_b,19,19,,591915,E00022108,E00022108,E01004392,yLNVTDwGFjMK2HiHyPlTHQ,51.5849667206964,-0.0351034605423434,E00022108
61,591915_d,14,1,Green space,591915,E00022108,E00022108,E01004392,yLNVTDwGFjMK2HiHyPlTHQ,51.5849667206964,-0.0351034605423434,E00022108
62,591922_b,0,12,,591922,E00022108,E00022108,E01004392,cJME8opI4LLMmqnhGtHZ9Q,51.585465168564,-0.0329879498708625,E00022108
63,591922_d,19,19,,591922,E00022108,E00022108,E01004392,cJME8opI4LLMmqnhGtHZ9Q,51.585465168564,-0.0329879498708625,E00022108
64,591927_b,19,19,,591927,E00022108,E00022108,E01004392,sqKTWLzJpuUHnhcUH7C0lQ,51.5850785845445,-0.0342794919868806,E00022108
65,591927_d,18,0,High-density,591927,E00022108,E00022108,E01004392,sqKTWLzJpuUHnhcUH7C0lQ,51.5850785845445,-0.0342794919868806,E00022108
66,591975_b,0,12,,591975,E00022108,E00022108,E01004392,IMQoawYaKvfwB6SQZURGPg,51.585555622578,-0.0325862384553738,E00022108
67,591975_d,0,12,,591975,E00022108,E00022108,E01004392,IMQoawYaKvfwB6SQZURGPg,51.585555622578,-0.0325862384553738,E00022108
68,592023_b,9,8,Low-density,592023,E00022108,E00022108,E01004392,2OIIBNGjrgTGGDUbFxpfZg,51.5855930851002,-0.0323778446779407,E00022108
69,592023_d,10,1,Green space,592023,E00022108,E00022108,E01004392,2OIIBNGjrgTGGDUbFxpfZg,51.5855930851002,-0.0323778446779407,E00022108
70,592022_b,0,12,,592022,E00022108,E00022108,E01004392,-UlcS71I0-5uKOejSOoYOQ,51.5856820265014,-0.032036031092327,E00022108
71,592022_d,18,0,High-density,592022,E00022108,E00022108,E01004392,-UlcS71I0-5uKOejSOoYOQ,51.5856820265014,-0.032036031092327,E00022108
72,592014_d,9,8,Low-density,592014,E00022108,E00022108,E01004392,ZphodC5uVGc3rQN51vAKgQ,51.5859697830506,-0.0300560713880364,E00022108
73,592014_b,12,18,,592014,E00022108,E00022108,E01004392,ZphodC5uVGc3rQN51vAKgQ,51.5859697830506,-0.0300560713880364,E00022108
74,591928_b,0,12,,591928,E00022108,E00022108,E01004392,T4C3l_QBNMG4DG8GuryHgg,51.5849965770955,-0.0345305401389641,E00022108
75,591928_d,4,4,Low-density,591928,E00022108,E00022108,E01004392,T4C3l_QBNMG4DG8GuryHgg,51.5849965770955,-0.0345305401389641,E00022108
76,592015_b,16,5,,592015,E00022108,E00022108,E01004392,oR3HyOSB1d9KailojyJI7Q,51.58611357027,-0.0301857311533004,E00022108
77,592015_d,9,8,Low-density,592015,E00022108,E00022108,E01004392,oR3HyOSB1d9KailojyJI7Q,51.58611357027,-0.0301857311533004,E00022108
78,591926_d,18,0,High-density,591926,E00022108,E00022108,E01004392,8ACO_in1PdOr4g-mpFNwjw,51.5851616049451,-0.0340104796526584,E00022108
79,591926_b,7,3,,591926,E00022108,E00022108,E01004392,8ACO_in1PdOr4g-mpFNwjw,51.5851616049451,-0.0340104796526584,E00022108
80,591924_b,18,0,High-density,591924,E00022108,E00022108,E01004392,EZ6ZgFCS4IsmPab5hsx-Pw,51.5853031012222,-0.0335353164206815,E00022108
81,591924_d,18,0,High-density,591924,E00022108,E00022108,E01004392,EZ6ZgFCS4IsmPab5hsx-Pw,51.5853031012222,-0.0335353164206815,E00022108
82,591929_b,19,19,,591929,E00022108,E00022108,E01004392,5EKTq42Fcur_Av_5hLQVpw,51.5849445252558,-0.0346833774168339,E00022108
83,591929_d,18,0,High-density,591929,E00022108,E00022108,E01004392,5EKTq42Fcur_Av_5hLQVpw,51.5849445252558,-0.0346833774168339,E00022108
84,592016_b,7,3,,592016,E00022108,E00022108,E01004392,ehuTrMSboxEyFUv5YES29g,51.5860783181945,-0.0304293936565964,E00022108
85,592016_d,8,2,Green space,592016,E00022108,E00022108,E01004392,ehuTrMSboxEyFUv5YES29g,51.5860783181945,-0.0304293936565964,E00022108
86,592013_d,16,5,,592013,E00022108,E00022108,E01004392,BoT0n-SlOuElSOlmox80mA,51.585782753098,-0.0299039850120309,E00022108
87,592013_b,16,5,,592013,E00022108,E00022108,E01004392,BoT0n-SlOuElSOlmox80mA,51.585782753098,-0.0299039850120309,E00022108
88,591925_b,18,0,High-density,591925,E00022108,E00022108,E01004392,bfpUGHC5YGDgE_RXozljfA,51.5852282832378,-0.0337991688164024,E00022108
89,591925_d,18,0,High-density,591925,E00022108,E00022108,E01004392,bfpUGHC5YGDgE_RXozljfA,51.5852282832378,-0.0337991688164024,E00022108
90,591923_b,9,8,Low-density,591923,E00022108,E00022108,E01004392,V3-g3Dnv5Vcl-qZrgibl5A,51.5853842128461,-0.0332480609955579,E00022108
91,591923_d,18,0,High-density,591923,E00022108,E00022108,E01004392,V3-g3Dnv5Vcl-qZrgibl5A,51.5853842128461,-0.0332480609955579,E00022108
92,592017_d,9,8,Low-density,592017,E00022108,E00022108,E01004392,CX_y8YRatZdYW5Bl_P1uIg,51.5860051790088,-0.0307270139420145,E00022108
93,592017_b,4,4,Low-density,592017,E00022108,E00022108,E01004392,CX_y8YRatZdYW5Bl_P1uIg,51.5860051790088,-0.0307270139420145,E00022108
94,592020_b,4,4,Low-density,592020,E00022108,E00022108,E01004392,YlEt91kj9mkVMk_f_wxnDg,51.5858093971823,-0.0315103097246766,E00022108
95,592020_d,11,13,Estates,592020,E00022108,E00022108,E01004392,YlEt91kj9mkVMk_f_wxnDg,51.5858093971823,-0.0315103097246766,E00022108
96,592019_b,11,13,Estates,592019,E00022108,E00022108,E01004392,vPmeM1gxJyGYSj-P4km_Ig,51.5858705764723,-0.0312602089758034,E00022108
97,592019_d,9,8,Low-density,592019,E00022108,E00022108,E01004392,vPmeM1gxJyGYSj-P4km_Ig,51.5858705764723,-0.0312602089758034,E00022108
98,592021_d,18,0,High-density,592021,E00022108,E00022108,E01004392,0qR22NmUF_kw9pcuRUAHBA,51.5857472241324,-0.0317519224180862,E00022108
99,592021_b,18,0,High-density,592021,E00022108,E00022108,E01004392,0qR22NmUF_kw9pcuRUAHBA,51.5857472241324,-0.0317519224180862,E00022108
100,591956_b,4,4,Low-density,591956,E00022108,E00022108,E01004392,3GSF_7htHjEirB2J4-OL2A,51.5852213119251,-0.0338115208382724,E00022108
101,591956_d,4,4,Low-density,591956,E00022108,E00022108,E01004392,3GSF_7htHjEirB2J4-OL2A,51.5852213119251,-0.0338115208382724,E00022108
102,592018_b,12,18,,592018,E00022108,E00022108,E01004392,YW_2qqrQ_cnmn8vfx3LMiQ,51.5859379214535,-0.0309911483721345,E00022108
103,592018_d,12,18,,592018,E00022108,E00022108,E01004392,YW_2qqrQ_cnmn8vfx3LMiQ,51.5859379214535,-0.0309911483721345,E00022108
104,592657_d,10,1,Green space,592657,E00171483,E00171483,E01004392,VrWoUjxu8QRRmjASUrWO5g,51.5819314813094,-0.0296422281496562,E00171483
105,592657_b,11,13,Estates,592657,E00171483,E00171483,E01004392,VrWoUjxu8QRRmjASUrWO5g,51.5819314813094,-0.0296422281496562,E00171483
106,592704_b,6,10,High-density,592704,E00171483,E00171483,E01004392,aStkvhlc2T1V4fVyrPBUoA,51.5823035156234,-0.0271022681071243,E00171483
107,592704_d,10,1,Green space,592704,E00171483,E00171483,E01004392,aStkvhlc2T1V4fVyrPBUoA,51.5823035156234,-0.0271022681071243,E00171483
108,592701_d,10,1,Green space,592701,E00171483,E00171483,E01004392,Sh6nyo3-nltelqiRgKDvGA,51.5823906485726,-0.0262730075244339,E00171483
109,592701_b,2,17,,592701,E00171483,E00171483,E01004392,Sh6nyo3-nltelqiRgKDvGA,51.5823906485726,-0.0262730075244339,E00171483
110,592752_b,2,17,,592752,E00171483,E00171483,E01004392,UXYzspmEvhCplQ03ZunL1Q,51.5832550437604,-0.0283687763327738,E00171483
111,592752_d,1,15,Commercial,592752,E00171483,E00171483,E01004392,UXYzspmEvhCplQ03ZunL1Q,51.5832550437604,-0.0283687763327738,E00171483
112,592696_d,3,11,Green space,592696,E00171483,E00171483,E01004392,iLSX5RtKduU8ADXjSN8ffg,51.5821465541887,-0.0279959523925352,E00171483
113,592696_b,15,16,,592696,E00171483,E00171483,E01004392,iLSX5RtKduU8ADXjSN8ffg,51.5821465541887,-0.0279959523925352,E00171483
114,592654_d,10,1,Green space,592654,E00171483,E00171483,E01004392,Br6ccPSQEHLRT9ggpRBOAQ,51.5820544104507,-0.0287898534217171,E00171483
115,592654_b,6,10,High-density,592654,E00171483,E00171483,E01004392,Br6ccPSQEHLRT9ggpRBOAQ,51.5820544104507,-0.0287898534217171,E00171483
116,592107_d,10,1,Green space,592107,E00171483,E00171483,E01004392,Zc5poHRO8gfUtJaaClr6DQ,51.5839800920426,-0.02861542337021,E00171483
117,592107_b,18,0,High-density,592107,E00171483,E00171483,E01004392,Zc5poHRO8gfUtJaaClr6DQ,51.5839800920426,-0.02861542337021,E00171483
118,592705_d,14,1,Green space,592705,E00171483,E00171483,E01004392,g9A2YMQv2c0qT5X2F5wR3Q,51.5822737619664,-0.0274050295383891,E00171483
119,592705_b,6,10,High-density,592705,E00171483,E00171483,E01004392,g9A2YMQv2c0qT5X2F5wR3Q,51.5822737619664,-0.0274050295383891,E00171483
120,593101_d,3,11,Green space,593101,E00171483,E00171483,E01004392,4Ta2__aPsP6zv1MWeI0DbA,51.5813443434772,-0.0321697083328713,E00171483
121,593101_b,7,3,,593101,E00171483,E00171483,E01004392,4Ta2__aPsP6zv1MWeI0DbA,51.5813443434772,-0.0321697083328713,E00171483
122,592655_d,10,1,Green space,592655,E00171483,E00171483,E01004392,2CbqSDmQ11vPO5MfkSZ79Q,51.5820199358282,-0.0291101802624887,E00171483
123,592655_b,7,3,,592655,E00171483,E00171483,E01004392,2CbqSDmQ11vPO5MfkSZ79Q,51.5820199358282,-0.0291101802624887,E00171483
124,592700_d,14,1,Green space,592700,E00171483,E00171483,E01004392,0i-xvtvpRNMidGjUeMgCBg,51.5823995151698,-0.0259992846681067,E00171483
125,592700_b,7,3,,592700,E00171483,E00171483,E01004392,0i-xvtvpRNMidGjUeMgCBg,51.5823995151698,-0.0259992846681067,E00171483
126,592662_d,3,11,Green space,592662,E00171483,E00171483,E01004392,Ju4sX-OAWxGH4LcuQYaoEw,51.5816377657533,-0.0310639781317765,E00171483
127,592662_b,15,16,,592662,E00171483,E00171483,E01004392,Ju4sX-OAWxGH4LcuQYaoEw,51.5816377657533,-0.0310639781317765,E00171483
128,592744_b,0,12,,592744,E00171483,E00171483,E01004392,g6BhjMbxNdNGZlRod7rEoQ,51.5829717306706,-0.0303464651151855,E00171483
129,592744_d,7,3,,592744,E00171483,E00171483,E01004392,g6BhjMbxNdNGZlRod7rEoQ,51.5829717306706,-0.0303464651151855,E00171483
130,592661_d,3,11,Green space,592661,E00171483,E00171483,E01004392,EDDQQ4-1QjKf2nXwut4tmw,51.5816990206747,-0.0307608084144037,E00171483
131,592661_b,6,10,High-density,592661,E00171483,E00171483,E01004392,EDDQQ4-1QjKf2nXwut4tmw,51.5816990206747,-0.0307608084144037,E00171483
132,592660_d,10,1,Green space,592660,E00171483,E00171483,E01004392,mM2kYkTCFudE6zPwM-9g2w,51.581761252726,-0.0304978208471964,E00171483
133,592660_b,0,12,,592660,E00171483,E00171483,E01004392,mM2kYkTCFudE6zPwM-9g2w,51.581761252726,-0.0304978208471964,E00171483
134,592702_b,6,10,High-density,592702,E00171483,E00171483,E01004392,HN-LOM8hkHrBH23D2pT5hQ,51.5823282230449,-0.026575952389171,E00171483
135,592702_d,14,1,Green space,592702,E00171483,E00171483,E01004392,HN-LOM8hkHrBH23D2pT5hQ,51.5823282230449,-0.026575952389171,E00171483
136,592658_d,3,11,Green space,592658,E00171483,E00171483,E01004392,cG2uJ2jzcgR1g6vs1O2fQA,51.5818779742576,-0.0298928344601794,E00171483
137,592658_b,7,3,,592658,E00171483,E00171483,E01004392,cG2uJ2jzcgR1g6vs1O2fQA,51.5818779742576,-0.0298928344601794,E00171483
138,592713_d,14,1,Green space,592713,E00171483,E00171483,E01004392,hmG-13bxotqSLmitwgb5bg,51.5824309506244,-0.0260233053549555,E00171483
139,592713_b,2,17,,592713,E00171483,E00171483,E01004392,hmG-13bxotqSLmitwgb5bg,51.5824309506244,-0.0260233053549555,E00171483
140,592656_d,14,1,Green space,592656,E00171483,E00171483,E01004392,HlynBZuwYk9YuKbiHZmtGg,51.5819827330119,-0.0293358346913311,E00171483
141,592656_b,9,8,Low-density,592656,E00171483,E00171483,E01004392,HlynBZuwYk9YuKbiHZmtGg,51.5819827330119,-0.0293358346913311,E00171483
142,592659_d,3,11,Green space,592659,E00171483,E00171483,E01004392,B1Nt1Tbulc8qD6oOtQ73kQ,51.5818299563632,-0.0301348548719757,E00171483
143,592659_b,2,17,,592659,E00171483,E00171483,E01004392,B1Nt1Tbulc8qD6oOtQ73kQ,51.5818299563632,-0.0301348548719757,E00171483
144,592106_b,0,12,,592106,E00171483,E00171483,E01004392,i0HzryJj9bBnzTSVXJrFJg,51.5838468207008,-0.0285789945691835,E00171483
145,592106_d,0,12,,592106,E00171483,E00171483,E01004392,i0HzryJj9bBnzTSVXJrFJg,51.5838468207008,-0.0285789945691835,E00171483
146,592743_d,0,12,,592743,E00171483,E00171483,E01004392,-c31AuXpXwgGEzDROKvIKg,51.5829171652666,-0.0305413665390169,E00171483
147,592743_b,2,17,,592743,E00171483,E00171483,E01004392,-c31AuXpXwgGEzDROKvIKg,51.5829171652666,-0.0305413665390169,E00171483
148,592664_d,19,19,,592664,E00171483,E00171483,E01004392,IYze2FUUqYy8f7NJwGIS2g,51.5815235141667,-0.031503228210951,E00171483
149,592664_b,2,17,,592664,E00171483,E00171483,E01004392,IYze2FUUqYy8f7NJwGIS2g,51.5815235141667,-0.031503228210951,E00171483
150,592697_b,6,10,High-density,592697,E00171483,E00171483,E01004392,8Q2c3tuHwmifGEkBK13qDA,51.5824006460536,-0.0279027569119104,E00171483
151,592697_d,2,17,,592697,E00171483,E00171483,E01004392,8Q2c3tuHwmifGEkBK13qDA,51.5824006460536,-0.0279027569119104,E00171483
152,592663_d,3,11,Green space,592663,E00171483,E00171483,E01004392,Y8KjKHFVsQUcjuUQORAZOA,51.5815734593371,-0.0313183573030704,E00171483
153,592663_b,7,3,,592663,E00171483,E00171483,E01004392,Y8KjKHFVsQUcjuUQORAZOA,51.5815734593371,-0.0313183573030704,E00171483
154,592754_b,7,3,,592754,E00171483,E00171483,E01004392,NQP7aqqhhdgzwCepxDBmZA,51.5832279338032,-0.0291330098919287,E00171483
155,592754_d,2,17,,592754,E00171483,E00171483,E01004392,NQP7aqqhhdgzwCepxDBmZA,51.5832279338032,-0.0291330098919287,E00171483
156,592728_b,7,3,,592728,E00171483,E00171483,E01004392,TBhyEDk57K0XGIY2B7RwCg,51.5828193621142,-0.0283309590376565,E00171483
157,592728_d,7,3,,592728,E00171483,E00171483,E01004392,TBhyEDk57K0XGIY2B7RwCg,51.5828193621142,-0.0283309590376565,E00171483
158,593105_d,3,11,Green space,593105,E00171483,E00171483,E01004392,_xqMnBV41kvJcglMWtEYPQ,51.5813748622542,-0.0320683855941116,E00171483
159,593105_b,7,3,,593105,E00171483,E00171483,E01004392,_xqMnBV41kvJcglMWtEYPQ,51.5813748622542,-0.0320683855941116,E00171483
160,592729_d,1,15,Commercial,592729,E00171483,E00171483,E01004392,Y-QImDLIGOJieJbgY6gwEg,51.5827253252047,-0.0286693164769745,E00171483
161,592729_b,1,15,Commercial,592729,E00171483,E00171483,E01004392,Y-QImDLIGOJieJbgY6gwEg,51.5827253252047,-0.0286693164769745,E00171483
162,592703_d,19,19,,592703,E00171483,E00171483,E01004392,cJtotatR6dn6nns1DyPelg,51.5822791486954,-0.0268650125405037,E00171483
163,592703_b,2,17,,592703,E00171483,E00171483,E01004392,cJtotatR6dn6nns1DyPelg,51.5822791486954,-0.0268650125405037,E00171483
164,592755_b,13,6,Green space,592755,E00171483,E00171483,E01004392,xgN_IvTGowuUAv0yx-f4YQ,51.583351983648,-0.0288243212109526,E00171483
165,592755_d,11,13,Estates,592755,E00171483,E00171483,E01004392,xgN_IvTGowuUAv0yx-f4YQ,51.583351983648,-0.0288243212109526,E00171483
166,592742_d,19,19,,592742,E00171483,E00171483,E01004392,y6ARpGebmT5qXkxXnfjPXg,51.5828401822929,-0.0308673909003894,E00171483
167,592742_b,11,13,Estates,592742,E00171483,E00171483,E01004392,y6ARpGebmT5qXkxXnfjPXg,51.5828401822929,-0.0308673909003894,E00171483
168,592673_b,1,15,Commercial,592673,E00171483,E00171483,E01004392,Ac9MB8vBSFwNPIvFGoAUeg,51.5819560734181,-0.0319315129089044,E00171483
169,592673_d,7,3,,592673,E00171483,E00171483,E01004392,Ac9MB8vBSFwNPIvFGoAUeg,51.5819560734181,-0.0319315129089044,E00171483
170,592653_b,6,10,High-density,592653,E00171483,E00171483,E01004392,xsUp__MyL0JllwrGKPFeTQ,51.582087166952,-0.0283931253029263,E00171483
171,592653_d,19,19,,592653,E00171483,E00171483,E01004392,xsUp__MyL0JllwrGKPFeTQ,51.582087166952,-0.0283931253029263,E00171483
172,592753_b,6,10,High-density,592753,E00171483,E00171483,E01004392,it2oFoalqPOzo54iMAaHkQ,51.583169943506,-0.0294205282811942,E00171483
173,592753_d,7,3,,592753,E00171483,E00171483,E01004392,it2oFoalqPOzo54iMAaHkQ,51.583169943506,-0.0294205282811942,E00171483
174,592730_b,1,15,Commercial,592730,E00171483,E00171483,E01004392,7ZdufmxQlu8BA0p7P7h7Qw,51.5826697747885,-0.0288667173382107,E00171483
175,592730_d,1,15,Commercial,592730,E00171483,E00171483,E01004392,7ZdufmxQlu8BA0p7P7h7Qw,51.5826697747885,-0.0288667173382107,E00171483
176,592674_b,7,3,,592674,E00171483,E00171483,E01004392,Ph2oXlt_ZDzo5RJsk6aYig,51.5815770181446,-0.0319377677953608,E00171483
177,592674_d,7,3,,592674,E00171483,E00171483,E01004392,Ph2oXlt_ZDzo5RJsk6aYig,51.5815770181446,-0.0319377677953608,E00171483
178,592692_b,1,15,Commercial,592692,E00171483,E00171483,E01004392,tD8rqKdgZGG7dMroBgKxHQ,51.5824104181737,-0.0298352519733542,E00171483
179,592692_d,1,15,Commercial,592692,E00171483,E00171483,E01004392,tD8rqKdgZGG7dMroBgKxHQ,51.5824104181737,-0.0298352519733542,E00171483
180,592731_d,1,15,Commercial,592731,E00171483,E00171483,E01004392,4egfSQTjdBojPS_8FO_ojA,51.5826068733415,-0.029097438613169,E00171483
181,592731_b,1,15,Commercial,592731,E00171483,E00171483,E01004392,4egfSQTjdBojPS_8FO_ojA,51.5826068733415,-0.029097438613169,E00171483
182,592735_b,0,12,,592735,E00171483,E00171483,E01004392,Aw_UV7Smmx0SyLRK2mCDPg,51.5827784150855,-0.0293596766188588,E00171483
183,592735_d,2,17,,592735,E00171483,E00171483,E01004392,Aw_UV7Smmx0SyLRK2mCDPg,51.5827784150855,-0.0293596766188588,E00171483
184,592749_b,1,15,Commercial,592749,E00171483,E00171483,E01004392,CtH4TNlKfy9QBH50MbeulA,51.5830167701563,-0.0276226841113504,E00171483
185,592749_d,1,15,Commercial,592749,E00171483,E00171483,E01004392,CtH4TNlKfy9QBH50MbeulA,51.5830167701563,-0.0276226841113504,E00171483
186,592681_b,1,15,Commercial,592681,E00171483,E00171483,E01004392,CyGd0MGhku5_gUWJzYYCSw,51.5824144715356,-0.031222146183696,E00171483
187,592681_d,6,10,High-density,592681,E00171483,E00171483,E01004392,CyGd0MGhku5_gUWJzYYCSw,51.5824144715356,-0.031222146183696,E00171483
188,592698_b,6,10,High-density,592698,E00171483,E00171483,E01004392,qziJxLj-FFM-dgSFa84yww,51.5825313350427,-0.0279030716507382,E00171483
189,592698_d,2,17,,592698,E00171483,E00171483,E01004392,qziJxLj-FFM-dgSFa84yww,51.5825313350427,-0.0279030716507382,E00171483
190,592699_d,1,15,Commercial,592699,E00171483,E00171483,E01004392,DiBSRpbfAk0zojCe1wvI2Q,51.5828047117887,-0.0279512255809658,E00171483
191,592699_b,1,15,Commercial,592699,E00171483,E00171483,E01004392,DiBSRpbfAk0zojCe1wvI2Q,51.5828047117887,-0.0279512255809658,E00171483
192,592105_d,18,0,High-density,592105,E00171483,E00171483,E01004392,uJEV2P0gJfjBBtAZjfgfiw,51.5836626660166,-0.0285217731296996,E00171483
193,592105_b,19,19,,592105,E00171483,E00171483,E01004392,uJEV2P0gJfjBBtAZjfgfiw,51.5836626660166,-0.0285217731296996,E00171483
194,592130_b,1,15,Commercial,592130,E00171483,E00171483,E01004392,83vMlfZL1fyppEBEtDbF2Q,51.5833119304781,-0.0266408389571128,E00171483
195,592130_d,1,15,Commercial,592130,E00171483,E00171483,E01004392,83vMlfZL1fyppEBEtDbF2Q,51.5833119304781,-0.0266408389571128,E00171483
196,592651_b,7,3,,592651,E00171483,E00171483,E01004392,UVcx_OG7P3yg62zIzajH2A,51.5816028122799,-0.0320349688900267,E00171483
197,592651_d,7,3,,592651,E00171483,E00171483,E01004392,UVcx_OG7P3yg62zIzajH2A,51.5816028122799,-0.0320349688900267,E00171483
198,592732_d,1,15,Commercial,592732,E00171483,E00171483,E01004392,OAZ9163svT7K5SZiJasqGg,51.582664526097,-0.0292265261533353,E00171483
199,592732_b,1,15,Commercial,592732,E00171483,E00171483,E01004392,OAZ9163svT7K5SZiJasqGg,51.582664526097,-0.0292265261533353,E00171483
200,592110_b,7,3,,592110,E00171483,E00171483,E01004392,TdojziIgQsM_zPgRtxQOsQ,51.5834423560012,-0.0284722618711712,E00171483
201,592110_d,7,3,,592110,E00171483,E00171483,E01004392,TdojziIgQsM_zPgRtxQOsQ,51.5834423560012,-0.0284722618711712,E00171483
202,592751_d,0,12,,592751,E00171483,E00171483,E01004392,mz9q2PZwjfnFqwCCxIOOUQ,51.583032172392,-0.0282272536985422,E00171483
203,592751_b,1,15,Commercial,592751,E00171483,E00171483,E01004392,mz9q2PZwjfnFqwCCxIOOUQ,51.583032172392,-0.0282272536985422,E00171483
204,592706_b,7,3,,592706,E00171483,E00171483,E01004392,oozb5oTmkD9m1G9V-Qz3sA,51.5822486100724,-0.0277231495931911,E00171483
205,592706_d,15,16,,592706,E00171483,E00171483,E01004392,oozb5oTmkD9m1G9V-Qz3sA,51.5822486100724,-0.0277231495931911,E00171483
206,592741_d,7,3,,592741,E00171483,E00171483,E01004392,dG_kGpJPf6jL3Ll54tWvFg,51.5827432681376,-0.0313136280663037,E00171483
207,592741_b,16,5,,592741,E00171483,E00171483,E01004392,dG_kGpJPf6jL3Ll54tWvFg,51.5827432681376,-0.0313136280663037,E00171483
208,592111_d,7,3,,592111,E00171483,E00171483,E01004392,7vcswFn2dMnkyHgcugWo0Q,51.5835428214524,-0.0281664134776778,E00171483
209,592111_b,15,16,,592111,E00171483,E00171483,E01004392,7vcswFn2dMnkyHgcugWo0Q,51.5835428214524,-0.0281664134776778,E00171483
210,592733_b,2,17,,592733,E00171483,E00171483,E01004392,TQhTJwgicUsdp20QTDQr_g,51.5831046562839,-0.0296528473091933,E00171483
211,592733_d,7,3,,592733,E00171483,E00171483,E01004392,TQhTJwgicUsdp20QTDQr_g,51.5831046562839,-0.0296528473091933,E00171483
212,592652_b,11,13,Estates,592652,E00171483,E00171483,E01004392,WMPuunmBMyBY3JWR_u0hgg,51.5821348782392,-0.0281625350113488,E00171483
213,592652_d,13,6,Green space,592652,E00171483,E00171483,E01004392,WMPuunmBMyBY3JWR_u0hgg,51.5821348782392,-0.0281625350113488,E00171483
214,592748_d,1,15,Commercial,592748,E00171483,E00171483,E01004392,w1lY6j1i9i-ydtqNV5UmIg,51.5831130300274,-0.0272556259571923,E00171483
215,592748_b,1,15,Commercial,592748,E00171483,E00171483,E01004392,w1lY6j1i9i-ydtqNV5UmIg,51.5831130300274,-0.0272556259571923,E00171483
216,592694_d,0,12,,592694,E00171483,E00171483,E01004392,F8uGXJFc9I8qXe3yVi4tdg,51.5824264092816,-0.0312438683313115,E00171483
217,592694_b,7,3,,592694,E00171483,E00171483,E01004392,F8uGXJFc9I8qXe3yVi4tdg,51.5824264092816,-0.0312438683313115,E00171483
218,592104_b,13,6,Green space,592104,E00171483,E00171483,E01004392,BfRb46_5M4spK9a6uZ0Ujw,51.5834712026995,-0.0284812688813634,E00171483
219,592104_d,7,3,,592104,E00171483,E00171483,E01004392,BfRb46_5M4spK9a6uZ0Ujw,51.5834712026995,-0.0284812688813634,E00171483
220,592747_b,1,15,Commercial,592747,E00171483,E00171483,E01004392,jM02T5B83k2eNyK96nOxaw,51.5831856608552,-0.0270098753481602,E00171483
221,592747_d,1,15,Commercial,592747,E00171483,E00171483,E01004392,jM02T5B83k2eNyK96nOxaw,51.5831856608552,-0.0270098753481602,E00171483
222,592690_d,1,15,Commercial,592690,E00171483,E00171483,E01004392,A3VV6sWzGYY_qH2jKisvqQ,51.5825597775165,-0.0292619720726282,E00171483
223,592690_b,1,15,Commercial,592690,E00171483,E00171483,E01004392,A3VV6sWzGYY_qH2jKisvqQ,51.5825597775165,-0.0292619720726282,E00171483
224,592693_d,1,15,Commercial,592693,E00171483,E00171483,E01004392,fCuKmfRsDSnAZxo3wyC2Ww,51.5823573243698,-0.0300704355427891,E00171483
225,592693_b,1,15,Commercial,592693,E00171483,E00171483,E01004392,fCuKmfRsDSnAZxo3wyC2Ww,51.5823573243698,-0.0300704355427891,E00171483
226,592129_b,7,3,,592129,E00171483,E00171483,E01004392,2zjRurnNhSlJIZqXWmwEpA,51.5833826123629,-0.0264177899450687,E00171483
227,592129_d,1,15,Commercial,592129,E00171483,E00171483,E01004392,2zjRurnNhSlJIZqXWmwEpA,51.5833826123629,-0.0264177899450687,E00171483
228,592650_b,7,3,,592650,E00171483,E00171483,E01004392,t3clFoEPI55Gg_4jgijpiQ,51.5814489817272,-0.0317978162279307,E00171483
229,592650_d,0,12,,592650,E00171483,E00171483,E01004392,t3clFoEPI55Gg_4jgijpiQ,51.5814489817272,-0.0317978162279307,E00171483
230,592745_b,13,6,Green space,592745,E00171483,E00171483,E01004392,oS6oxI0AaJKKfCI_qpe_vQ,51.5830309946291,-0.0299219408127514,E00171483
231,592745_d,7,3,,592745,E00171483,E00171483,E01004392,oS6oxI0AaJKKfCI_qpe_vQ,51.5830309946291,-0.0299219408127514,E00171483
232,592746_d,7,3,,592746,E00171483,E00171483,E01004392,w9H_CRZ1eiqaLVYSuIrhow,51.5830535108571,-0.0298279307375662,E00171483
233,592746_b,7,3,,592746,E00171483,E00171483,E01004392,w9H_CRZ1eiqaLVYSuIrhow,51.5830535108571,-0.0298279307375662,E00171483
234,592691_b,1,15,Commercial,592691,E00171483,E00171483,E01004392,UAFcBYIAzHm2yZqV6-pLkw,51.5825120180637,-0.0294353258922171,E00171483
235,592691_d,1,15,Commercial,592691,E00171483,E00171483,E01004392,UAFcBYIAzHm2yZqV6-pLkw,51.5825120180637,-0.0294353258922171,E00171483
236,592750_d,7,3,,592750,E00171483,E00171483,E01004392,OUAzKOn0V5Keqs1Bjbfswg,51.5829368983743,-0.0278749546639868,E00171483
237,592750_b,7,3,,592750,E00171483,E00171483,E01004392,OUAzKOn0V5Keqs1Bjbfswg,51.5829368983743,-0.0278749546639868,E00171483
238,592734_d,19,19,,592734,E00171483,E00171483,E01004392,uICwFv-HEvM5W9uhMyO-cA,51.5830313347935,-0.0295262007975676,E00171483
239,592734_b,16,5,,592734,E00171483,E00171483,E01004392,uICwFv-HEvM5W9uhMyO-cA,51.5830313347935,-0.0295262007975676,E00171483
240,592727_d,1,15,Commercial,592727,E00171483,E00171483,E01004392,iG7-33zncLg-iCWWhP0ZmQ,51.5828232451463,-0.0279649088653448,E00171483
241,592727_b,1,15,Commercial,592727,E00171483,E00171483,E01004392,iG7-33zncLg-iCWWhP0ZmQ,51.5828232451463,-0.0279649088653448,E00171483
242,592128_d,1,15,Commercial,592128,E00171483,E00171483,E01004392,h9CNxCExPGGQYPRxfm98BQ,51.5832738925716,-0.0268016804556864,E00171483
243,592128_b,16,5,,592128,E00171483,E00171483,E01004392,h9CNxCExPGGQYPRxfm98BQ,51.5832738925716,-0.0268016804556864,E00171483
244,592113_b,17,9,Low-density,592113,E00171483,E00171483,E01004392,N1FVfNbzZY5Wsve56--O0w,51.5833423345662,-0.0278972092910893,E00171483
245,592113_d,16,5,,592113,E00171483,E00171483,E01004392,N1FVfNbzZY5Wsve56--O0w,51.5833423345662,-0.0278972092910893,E00171483
246,592695_d,2,17,,592695,E00171483,E00171483,E01004392,UbF0CsDyXWGXweLWUbycyA,51.5825449825643,-0.0313047147403808,E00171483
247,592695_b,16,5,,592695,E00171483,E00171483,E01004392,UbF0CsDyXWGXweLWUbycyA,51.5825449825643,-0.0313047147403808,E00171483
248,593048_d,7,3,,593048,E00171730,E00171730,E01004392,sWbGMNv7MuKo0fdAA23WOw,51.58192654785,-0.0342752955635123,E00171730
249,593048_b,18,0,High-density,593048,E00171730,E00171730,E01004392,sWbGMNv7MuKo0fdAA23WOw,51.58192654785,-0.0342752955635123,E00171730
250,593098_b,18,0,High-density,593098,E00171730,E00171730,E01004392,PZ7EhDkeUXAzICeHdtZvFg,51.5822097064409,-0.0324007474028125,E00171730
251,593098_d,6,10,High-density,593098,E00171730,E00171730,E01004392,PZ7EhDkeUXAzICeHdtZvFg,51.5822097064409,-0.0324007474028125,E00171730
252,593049_d,7,3,,593049,E00171730,E00171730,E01004392,b9NgCQH_zUmki0N8V4szDQ,51.5817648907576,-0.034136212743302,E00171730
253,593049_b,7,3,,593049,E00171730,E00171730,E01004392,b9NgCQH_zUmki0N8V4szDQ,51.5817648907576,-0.034136212743302,E00171730
254,593088_d,0,12,,593088,E00171730,E00171730,E01004392,3zwaJF-4K8oSHmvk7dD03Q,51.5812582145962,-0.0324672072900532,E00171730
255,593088_b,7,3,,593088,E00171730,E00171730,E01004392,3zwaJF-4K8oSHmvk7dD03Q,51.5812582145962,-0.0324672072900532,E00171730
256,593095_b,4,4,Low-density,593095,E00171730,E00171730,E01004392,PXODG3wn5Kgrndq5IR3TNQ,51.5826199014846,-0.0320448524469069,E00171730
257,593095_d,2,17,,593095,E00171730,E00171730,E01004392,PXODG3wn5Kgrndq5IR3TNQ,51.5826199014846,-0.0320448524469069,E00171730
258,593093_d,7,3,,593093,E00171730,E00171730,E01004392,Ad9iY7jn8Vexf0CNTex7Qg,51.5814465113179,-0.0326875733644112,E00171730
259,593093_b,7,3,,593093,E00171730,E00171730,E01004392,Ad9iY7jn8Vexf0CNTex7Qg,51.5814465113179,-0.0326875733644112,E00171730
260,593082_b,19,19,,593082,E00171730,E00171730,E01004392,AEEgD6umwggcEkX4zmklCw,51.5814758329364,-0.0327629138923523,E00171730
261,593082_d,2,17,,593082,E00171730,E00171730,E01004392,AEEgD6umwggcEkX4zmklCw,51.5814758329364,-0.0327629138923523,E00171730
262,593091_d,6,10,High-density,593091,E00171730,E00171730,E01004392,qB85lRv-sQj7-lvhuakKEQ,51.5812839087146,-0.0324900671049986,E00171730
263,593091_b,15,16,,593091,E00171730,E00171730,E01004392,qB85lRv-sQj7-lvhuakKEQ,51.5812839087146,-0.0324900671049986,E00171730
264,593092_d,14,1,Green space,593092,E00171730,E00171730,E01004392,oeOQV0-nRIkMHd19tBV-Bw,51.5815502099704,-0.0323384352690742,E00171730
265,593092_b,17,9,Low-density,593092,E00171730,E00171730,E01004392,oeOQV0-nRIkMHd19tBV-Bw,51.5815502099704,-0.0323384352690742,E00171730
266,593081_b,7,3,,593081,E00171730,E00171730,E01004392,IN0m9jvvTukFQ9wtxnwciA,51.5820031724804,-0.0322968134207749,E00171730
267,593081_d,1,15,Commercial,593081,E00171730,E00171730,E01004392,IN0m9jvvTukFQ9wtxnwciA,51.5820031724804,-0.0322968134207749,E00171730
268,593842_b,19,19,,593842,E00171730,E00171730,E01004392,XCcT0lfqzYYgqblIqXsFIQ,51.5817485846522,-0.0341780398027327,E00171730
269,593842_d,7,3,,593842,E00171730,E00171730,E01004392,XCcT0lfqzYYgqblIqXsFIQ,51.5817485846522,-0.0341780398027327,E00171730
270,593067_b,1,15,Commercial,593067,E00171730,E00171730,E01004392,uJPUIp47BnYMN1tRmiJ7LA,51.5811417249557,-0.0332391517506162,E00171730
271,593067_d,1,15,Commercial,593067,E00171730,E00171730,E01004392,uJPUIp47BnYMN1tRmiJ7LA,51.5811417249557,-0.0332391517506162,E00171730
272,593094_d,7,3,,593094,E00171730,E00171730,E01004392,zebWVZMHO2nqG0mhUqRFcA,51.5825368789462,-0.0324251832150261,E00171730
273,593094_b,7,3,,593094,E00171730,E00171730,E01004392,zebWVZMHO2nqG0mhUqRFcA,51.5825368789462,-0.0324251832150261,E00171730
274,593061_d,1,15,Commercial,593061,E00171730,E00171730,E01004392,FOSlq5f34m1UWFmyEDLD0Q,51.5814190010538,-0.0334938208009277,E00171730
275,593061_b,1,15,Commercial,593061,E00171730,E00171730,E01004392,FOSlq5f34m1UWFmyEDLD0Q,51.5814190010538,-0.0334938208009277,E00171730
276,593068_b,1,15,Commercial,593068,E00171730,E00171730,E01004392,RZM9xpVsAjr8fXkjIhI4Jw,51.5809952183953,-0.0330987595321922,E00171730
277,593068_d,1,15,Commercial,593068,E00171730,E00171730,E01004392,RZM9xpVsAjr8fXkjIhI4Jw,51.5809952183953,-0.0330987595321922,E00171730
278,593087_d,7,3,,593087,E00171730,E00171730,E01004392,FPXz0Jz7V7Wu05bwLmoVzw,51.5812474272796,-0.032767428653508,E00171730
279,593087_b,15,16,,593087,E00171730,E00171730,E01004392,FPXz0Jz7V7Wu05bwLmoVzw,51.5812474272796,-0.032767428653508,E00171730
280,593059_b,7,3,,593059,E00171730,E00171730,E01004392,mcwUHjJkXBwkfF56FvQsuQ,51.5817390859093,-0.0340738737091374,E00171730
281,593059_d,7,3,,593059,E00171730,E00171730,E01004392,mcwUHjJkXBwkfF56FvQsuQ,51.5817390859093,-0.0340738737091374,E00171730
282,593063_b,6,10,High-density,593063,E00171730,E00171730,E01004392,2KxIzlYr2j9vqm913C51Qw,51.5819083379032,-0.0333069727689923,E00171730
283,593063_d,6,10,High-density,593063,E00171730,E00171730,E01004392,2KxIzlYr2j9vqm913C51Qw,51.5819083379032,-0.0333069727689923,E00171730
284,593045_b,14,1,Green space,593045,E00171730,E00171730,E01004392,DNoeHtX9otCp3TcLXy3Erw,51.5821161448157,-0.0341569091938907,E00171730
285,593045_d,7,3,,593045,E00171730,E00171730,E01004392,DNoeHtX9otCp3TcLXy3Erw,51.5821161448157,-0.0341569091938907,E00171730
286,593026_d,1,15,Commercial,593026,E00171730,E00171730,E01004392,8iU0FqaMCoYCsRARP39zLQ,51.581281725715,-0.0335477915299164,E00171730
287,593026_b,1,15,Commercial,593026,E00171730,E00171730,E01004392,8iU0FqaMCoYCsRARP39zLQ,51.581281725715,-0.0335477915299164,E00171730
288,593102_d,6,10,High-density,593102,E00171730,E00171730,E01004392,E4b1GvLk-XqNpBu-7EwHkg,51.5812697190659,-0.0324619946827844,E00171730
289,593102_b,15,16,,593102,E00171730,E00171730,E01004392,E4b1GvLk-XqNpBu-7EwHkg,51.5812697190659,-0.0324619946827844,E00171730
290,593097_d,1,15,Commercial,593097,E00171730,E00171730,E01004392,XAIrSFtpkdkZ881wKPaEug,51.5820431271099,-0.0323087114179276,E00171730
291,593097_b,7,3,,593097,E00171730,E00171730,E01004392,XAIrSFtpkdkZ881wKPaEug,51.5820431271099,-0.0323087114179276,E00171730
292,593060_b,1,15,Commercial,593060,E00171730,E00171730,E01004392,3sARIENgFIg6QU6sXlpYMQ,51.5815955374543,-0.0338175720013967,E00171730
293,593060_d,1,15,Commercial,593060,E00171730,E00171730,E01004392,3sARIENgFIg6QU6sXlpYMQ,51.5815955374543,-0.0338175720013967,E00171730
294,593099_b,7,3,,593099,E00171730,E00171730,E01004392,2b8vpewJQpPCW4B5-r870Q,51.5823955203684,-0.032500122349863,E00171730
295,593099_d,16,5,,593099,E00171730,E00171730,E01004392,2b8vpewJQpPCW4B5-r870Q,51.5823955203684,-0.032500122349863,E00171730
296,593086_d,2,17,,593086,E00171730,E00171730,E01004392,CDeshyMP26LsmrLiNu5EyQ,51.5814523459107,-0.0328543974466048,E00171730
297,593086_b,17,9,Low-density,593086,E00171730,E00171730,E01004392,CDeshyMP26LsmrLiNu5EyQ,51.5814523459107,-0.0328543974466048,E00171730
298,593083_b,12,18,,593083,E00171730,E00171730,E01004392,cGU6JANqny962jOtRmVgxg,51.5818877543063,-0.0332942183550147,E00171730
299,593083_d,1,15,Commercial,593083,E00171730,E00171730,E01004392,cGU6JANqny962jOtRmVgxg,51.5818877543063,-0.0332942183550147,E00171730
300,592737_d,2,17,,592737,E00022080,E00022080,E01004392,7nA_zAcb1YYJq1JHyeP_qA,51.5829001574074,-0.0315042741219742,E00022080
301,592737_b,17,9,Low-density,592737,E00022080,E00022080,E01004392,7nA_zAcb1YYJq1JHyeP_qA,51.5829001574074,-0.0315042741219742,E00022080
302,591981_d,0,12,,591981,E00022080,E00022080,E01004392,uS5kt14GBVnvGZkOLkXekw,51.5843936266598,-0.0323729314168577,E00022080
303,591981_b,18,0,High-density,591981,E00022080,E00022080,E01004392,uS5kt14GBVnvGZkOLkXekw,51.5843936266598,-0.0323729314168577,E00022080
304,591942_b,7,3,,591942,E00022080,E00022080,E01004392,9bGrxn2LDy_HTu3jkRGEKw,51.5843116715544,-0.0339014238318093,E00022080
305,591942_d,16,5,,591942,E00022080,E00022080,E01004392,9bGrxn2LDy_HTu3jkRGEKw,51.5843116715544,-0.0339014238318093,E00022080
306,593096_b,0,12,,593096,E00022080,E00022080,E01004392,ah8ZWC9Q3e12B8-K7Ut2NA,51.5826972945571,-0.0317937028235583,E00022080
307,593096_d,7,3,,593096,E00022080,E00022080,E01004392,ah8ZWC9Q3e12B8-K7Ut2NA,51.5826972945571,-0.0317937028235583,E00022080
308,592739_d,7,3,,592739,E00022080,E00022080,E01004392,SCIV6iAswgJzUgo63lZhAw,51.5832390861043,-0.0316852339424796,E00022080
309,592739_b,18,0,High-density,592739,E00022080,E00022080,E01004392,SCIV6iAswgJzUgo63lZhAw,51.5832390861043,-0.0316852339424796,E00022080
310,591989_b,18,0,High-density,591989,E00022080,E00022080,E01004392,dp_00BKGzRnhIamcyDsAeQ,51.5836765713949,-0.0319239802276264,E00022080
311,591989_d,18,0,High-density,591989,E00022080,E00022080,E01004392,dp_00BKGzRnhIamcyDsAeQ,51.5836765713949,-0.0319239802276264,E00022080
312,591994_d,18,0,High-density,591994,E00022080,E00022080,E01004392,NVacUnptf9uoSEZ4tEKo1Q,51.5848658145828,-0.0318611374297564,E00022080
313,591994_b,18,0,High-density,591994,E00022080,E00022080,E01004392,NVacUnptf9uoSEZ4tEKo1Q,51.5848658145828,-0.0318611374297564,E00022080
314,592034_d,0,12,,592034,E00022080,E00022080,E01004392,ZQre8yMsm12NzCQHgXWT_g,51.5840547141416,-0.0318795357490803,E00022080
315,592034_b,12,18,,592034,E00022080,E00022080,E01004392,ZQre8yMsm12NzCQHgXWT_g,51.5840547141416,-0.0318795357490803,E00022080
316,591968_d,7,3,,591968,E00022080,E00022080,E01004392,tCXjiENYwcPHQCQ2XLT7yg,51.584633649811,-0.0326686286720151,E00022080
317,591968_b,18,0,High-density,591968,E00022080,E00022080,E01004392,tCXjiENYwcPHQCQ2XLT7yg,51.584633649811,-0.0326686286720151,E00022080
318,592736_d,7,3,,592736,E00022080,E00022080,E01004392,AIbKDxr11W2WrbRMCqEV0g,51.5827608248854,-0.0313926457606224,E00022080
319,592736_b,7,3,,592736,E00022080,E00022080,E01004392,AIbKDxr11W2WrbRMCqEV0g,51.5827608248854,-0.0313926457606224,E00022080
320,591972_b,7,3,,591972,E00022080,E00022080,E01004392,_COVW2C4yYsjyVv30GXHfQ,51.5841746227754,-0.0323659053211994,E00022080
321,591972_d,9,8,Low-density,591972,E00022080,E00022080,E01004392,_COVW2C4yYsjyVv30GXHfQ,51.5841746227754,-0.0323659053211994,E00022080
322,591986_d,4,4,Low-density,591986,E00022080,E00022080,E01004392,y7kouv1IgZaIc9TbYrCj0g,51.5839633991353,-0.0320761137785674,E00022080
323,591986_b,18,0,High-density,591986,E00022080,E00022080,E01004392,y7kouv1IgZaIc9TbYrCj0g,51.5839633991353,-0.0320761137785674,E00022080
324,592000_d,4,4,Low-density,592000,E00022080,E00022080,E01004392,Yqmx6JmpsoKfQkueq_7ZpA,51.5852823762242,-0.0302955035789536,E00022080
325,592000_b,17,9,Low-density,592000,E00022080,E00022080,E01004392,Yqmx6JmpsoKfQkueq_7ZpA,51.5852823762242,-0.0302955035789536,E00022080
326,591982_d,6,10,High-density,591982,E00022080,E00022080,E01004392,dFDw4LASfdqxOhC5tbw1ew,51.5845298273735,-0.0325081565296194,E00022080
327,591982_b,18,0,High-density,591982,E00022080,E00022080,E01004392,dFDw4LASfdqxOhC5tbw1ew,51.5845298273735,-0.0325081565296194,E00022080
328,592041_b,7,3,,592041,E00022080,E00022080,E01004392,IqjEAi_im7_j--EVG4QcmA,51.5836192620938,-0.0313914533792956,E00022080
329,592041_d,16,5,,592041,E00022080,E00022080,E01004392,IqjEAi_im7_j--EVG4QcmA,51.5836192620938,-0.0313914533792956,E00022080
330,591996_b,15,16,,591996,E00022080,E00022080,E01004392,g_1pP_VkFME8iTkc2z1l4w,51.5850053472894,-0.0313012582679218,E00022080
331,591996_d,18,0,High-density,591996,E00022080,E00022080,E01004392,g_1pP_VkFME8iTkc2z1l4w,51.5850053472894,-0.0313012582679218,E00022080
332,592001_d,0,12,,592001,E00022080,E00022080,E01004392,78yjfE69GPYHFM9timepjg,51.585353499205,-0.0300272117075763,E00022080
333,592001_b,9,8,Low-density,592001,E00022080,E00022080,E01004392,78yjfE69GPYHFM9timepjg,51.585353499205,-0.0300272117075763,E00022080
334,591988_b,18,0,High-density,591988,E00022080,E00022080,E01004392,nHtKzhSmjsLDxfatKyiWpQ,51.5836131788911,-0.0318977245997851,E00022080
335,591988_d,18,0,High-density,591988,E00022080,E00022080,E01004392,nHtKzhSmjsLDxfatKyiWpQ,51.5836131788911,-0.0318977245997851,E00022080
336,591993_b,13,6,Green space,591993,E00022080,E00022080,E01004392,4f9N1osyOcfve8QtVU8svA,51.5848088766394,-0.0320713183032807,E00022080
337,591993_d,16,5,,591993,E00022080,E00022080,E01004392,4f9N1osyOcfve8QtVU8svA,51.5848088766394,-0.0320713183032807,E00022080
338,591953_b,18,0,High-density,591953,E00022080,E00022080,E01004392,SIhecttezXwVnjjjb7Z0fw,51.5842936111989,-0.0338239226643642,E00022080
339,591953_d,7,3,,591953,E00022080,E00022080,E01004392,SIhecttezXwVnjjjb7Z0fw,51.5842936111989,-0.0338239226643642,E00022080
340,591995_b,17,9,Low-density,591995,E00022080,E00022080,E01004392,ZAbHgyHMq4TEUMlzv8wLGQ,51.5849321866781,-0.0315758071119065,E00022080
341,591995_d,18,0,High-density,591995,E00022080,E00022080,E01004392,ZAbHgyHMq4TEUMlzv8wLGQ,51.5849321866781,-0.0315758071119065,E00022080
342,591999_d,17,9,Low-density,591999,E00022080,E00022080,E01004392,vIV-U66jAsW2IzC5fXufPw,51.5852258869448,-0.0305261101404491,E00022080
343,591999_b,18,0,High-density,591999,E00022080,E00022080,E01004392,vIV-U66jAsW2IzC5fXufPw,51.5852258869448,-0.0305261101404491,E00022080
344,591992_b,16,5,,591992,E00022080,E00022080,E01004392,iLeWWez215mWMT9EhlXfCA,51.5847387437107,-0.0323362969530653,E00022080
345,591992_d,16,5,,591992,E00022080,E00022080,E01004392,iLeWWez215mWMT9EhlXfCA,51.5847387437107,-0.0323362969530653,E00022080
346,592738_d,0,12,,592738,E00022080,E00022080,E01004392,EG2T8Ba8ubngtgnVCqNV-g,51.5831123403566,-0.031611656803296,E00022080
347,592738_b,12,18,,592738,E00022080,E00022080,E01004392,EG2T8Ba8ubngtgnVCqNV-g,51.5831123403566,-0.031611656803296,E00022080
348,591990_d,18,0,High-density,591990,E00022080,E00022080,E01004392,zLDU0KCJPcNYNfzzPHPkiw,51.5838248057228,-0.032008092258127,E00022080
349,591990_b,18,0,High-density,591990,E00022080,E00022080,E01004392,zLDU0KCJPcNYNfzzPHPkiw,51.5838248057228,-0.032008092258127,E00022080
350,592740_d,18,0,High-density,592740,E00022080,E00022080,E01004392,2t9OB6_BqSD7Txi-j9obGw,51.5833203890665,-0.0317279563620465,E00022080
351,592740_b,18,0,High-density,592740,E00022080,E00022080,E01004392,2t9OB6_BqSD7Txi-j9obGw,51.5833203890665,-0.0317279563620465,E00022080
352,591980_d,7,3,,591980,E00022080,E00022080,E01004392,nYjC4jdUMomCzfo5WlthfQ,51.5842491475491,-0.0322757655007156,E00022080
353,591980_b,7,3,,591980,E00022080,E00022080,E01004392,nYjC4jdUMomCzfo5WlthfQ,51.5842491475491,-0.0322757655007156,E00022080
354,592042_b,7,3,,592042,E00022080,E00022080,E01004392,sHWG6y1IlgJI1FyCxHsKXA,51.583641307315,-0.0313300167793363,E00022080
355,592042_d,16,5,,592042,E00022080,E00022080,E01004392,sHWG6y1IlgJI1FyCxHsKXA,51.583641307315,-0.0313300167793363,E00022080
356,591987_b,12,18,,591987,E00022080,E00022080,E01004392,AO4uCQGyHJSRmNOnM5zaDg,51.5840959342958,-0.0321539080181156,E00022080
357,591987_d,18,0,High-density,591987,E00022080,E00022080,E01004392,AO4uCQGyHJSRmNOnM5zaDg,51.5840959342958,-0.0321539080181156,E00022080
358,592061_b,0,12,,592061,E00022079,E00022079,E01004392,UG9D-6B_E_tFWbgxH-9cCA,51.5857477002095,-0.0292156481560876,E00022079
359,592061_d,11,13,Estates,592061,E00022079,E00022079,E01004392,UG9D-6B_E_tFWbgxH-9cCA,51.5857477002095,-0.0292156481560876,E00022079
360,591997_b,7,3,,591997,E00022079,E00022079,E01004392,gobs8bUgqaBCBomOxF9hmg,51.5850874899398,-0.0310468430946838,E00022079
361,591997_d,18,0,High-density,591997,E00022079,E00022079,E01004392,gobs8bUgqaBCBomOxF9hmg,51.5850874899398,-0.0310468430946838,E00022079
362,591998_d,19,19,,591998,E00022079,E00022079,E01004392,Ahu7Y6q4XWtVT3jNYBBkpA,51.5851777638758,-0.0307168439308984,E00022079
363,591998_b,18,0,High-density,591998,E00022079,E00022079,E01004392,Ahu7Y6q4XWtVT3jNYBBkpA,51.5851777638758,-0.0307168439308984,E00022079
364,591930_b,7,3,,591930,E00022079,E00022079,E01004392,WjZruhRrF8n70cZl9kNXCg,51.5847888183626,-0.0349737477104997,E00022079
365,591930_d,13,6,Green space,591930,E00022079,E00022079,E01004392,WjZruhRrF8n70cZl9kNXCg,51.5847888183626,-0.0349737477104997,E00022079
366,592012_b,16,5,,592012,E00022079,E00022079,E01004392,70fo7YRJdQao_IH-reY_uA,51.5856411345009,-0.0298189944011591,E00022079
367,592012_d,16,5,,592012,E00022079,E00022079,E01004392,70fo7YRJdQao_IH-reY_uA,51.5856411345009,-0.0298189944011591,E00022079
368,592002_b,7,3,,592002,E00022079,E00022079,E01004392,mXgv9XeB0AHeK0RO5J9-FQ,51.5854423671085,-0.0297635819117601,E00022079
369,592002_d,12,18,,592002,E00022079,E00022079,E01004392,mXgv9XeB0AHeK0RO5J9-FQ,51.5854423671085,-0.0297635819117601,E00022079
370,592049_b,10,1,Green space,592049,E00022114,E00022114,E01004392,rVESR56tndgVgPBSpOPWnA,51.5843643839194,-0.0299206032333733,E00022114
371,592049_d,0,12,,592049,E00022114,E00022114,E01004392,rVESR56tndgVgPBSpOPWnA,51.5843643839194,-0.0299206032333733,E00022114
372,592050_d,13,6,Green space,592050,E00022114,E00022114,E01004392,5PzmB7Rl4PnB_zVYwtsOVw,51.5844807950974,-0.0300106941290616,E00022114
373,592050_b,7,3,,592050,E00022114,E00022114,E01004392,5PzmB7Rl4PnB_zVYwtsOVw,51.5844807950974,-0.0300106941290616,E00022114
374,592040_d,18,0,High-density,592040,E00022114,E00022114,E01004392,Kc-wQlmlsjkLKoR7gPrslw,51.5845070019483,-0.0303149975194249,E00022114
375,592040_b,18,0,High-density,592040,E00022114,E00022114,E01004392,Kc-wQlmlsjkLKoR7gPrslw,51.5845070019483,-0.0303149975194249,E00022114
376,592047_b,18,0,High-density,592047,E00022114,E00022114,E01004392,YqjrjQZVEHBKS8gG-Xytsg,51.5840539059239,-0.0300121591763127,E00022114
377,592047_d,18,0,High-density,592047,E00022114,E00022114,E01004392,YqjrjQZVEHBKS8gG-Xytsg,51.5840539059239,-0.0300121591763127,E00022114
378,592046_d,18,0,High-density,592046,E00022114,E00022114,E01004392,W2SfYpfK4_PdxrUoEAiRKA,51.5839743030704,-0.0302684368349717,E00022114
379,592046_b,18,0,High-density,592046,E00022114,E00022114,E01004392,W2SfYpfK4_PdxrUoEAiRKA,51.5839743030704,-0.0302684368349717,E00022114
380,592036_b,18,0,High-density,592036,E00022114,E00022114,E01004392,T1IHfbG-r29Guy_ErIV5jA,51.5842121174908,-0.0313495522133522,E00022114
381,592036_d,18,0,High-density,592036,E00022114,E00022114,E01004392,T1IHfbG-r29Guy_ErIV5jA,51.5842121174908,-0.0313495522133522,E00022114
382,592035_b,1,15,Commercial,592035,E00022114,E00022114,E01004392,iiKbpIYMjaMWiE7NvvB6nw,51.5841353717591,-0.031605781775211,E00022114
383,592035_d,18,0,High-density,592035,E00022114,E00022114,E01004392,iiKbpIYMjaMWiE7NvvB6nw,51.5841353717591,-0.031605781775211,E00022114
384,592048_b,6,10,High-density,592048,E00022114,E00022114,E01004392,ktmrXmiHFgrfxVV66bHwKQ,51.5841009171107,-0.0298678086190071,E00022114
385,592048_d,18,0,High-density,592048,E00022114,E00022114,E01004392,ktmrXmiHFgrfxVV66bHwKQ,51.5841009171107,-0.0298678086190071,E00022114
386,592044_b,18,0,High-density,592044,E00022114,E00022114,E01004392,Go9X3mp9OJotyaKO-CGxJg,51.5838106338337,-0.0307909051190257,E00022114
387,592044_d,18,0,High-density,592044,E00022114,E00022114,E01004392,Go9X3mp9OJotyaKO-CGxJg,51.5838106338337,-0.0307909051190257,E00022114
388,592038_d,18,0,High-density,592038,E00022114,E00022114,E01004392,Mw2ZvLe0d29H1seDQuhieA,51.5843629299044,-0.0308133453819781,E00022114
389,592038_b,18,0,High-density,592038,E00022114,E00022114,E01004392,Mw2ZvLe0d29H1seDQuhieA,51.5843629299044,-0.0308133453819781,E00022114
390,592043_d,18,0,High-density,592043,E00022114,E00022114,E01004392,mJ6_Lj9KkR4CVOWB_DjT4w,51.583729589641,-0.0310720760160848,E00022114
391,592043_b,18,0,High-density,592043,E00022114,E00022114,E01004392,mJ6_Lj9KkR4CVOWB_DjT4w,51.583729589641,-0.0310720760160848,E00022114
392,592045_b,18,0,High-density,592045,E00022114,E00022114,E01004392,edQw9au15YBF59ACIrhX5w,51.5839025579929,-0.0305086487063439,E00022114
393,592045_d,18,0,High-density,592045,E00022114,E00022114,E01004392,edQw9au15YBF59ACIrhX5w,51.5839025579929,-0.0305086487063439,E00022114
394,592039_d,16,5,,592039,E00022114,E00022114,E01004392,xu3N5sepLStK9Xo7YmkaEA,51.5844368093799,-0.030577721807745,E00022114
395,592039_b,16,5,,592039,E00022114,E00022114,E01004392,xu3N5sepLStK9Xo7YmkaEA,51.5844368093799,-0.030577721807745,E00022114
396,592037_d,18,0,High-density,592037,E00022114,E00022114,E01004392,Y3fHrh5ObADlMUpQOn_o-w,51.5842894255097,-0.0310820152315847,E00022114
397,592037_b,18,0,High-density,592037,E00022114,E00022114,E01004392,Y3fHrh5ObADlMUpQOn_o-w,51.5842894255097,-0.0310820152315847,E00022114
