,Unnamed: 0_x,matched,p,clusters_2021_cleanup,idx_x,oa_name,OA11CD,LSOA11CD,Unnamed: 0_y,xcoord,ycoord,panoid,lat,lon,month,year,azi,id,idx_y,idx_y,idx_y.1,angle
2,781089_b,9,0.1298332203091468,Low-density,781089,E00020379,E00020379,E01004050,844341,-0.0843387734916902,51.4691326449206,XTUtaw15LdShLvumy0dzMw,51.4691050227525,-0.0843395408350852,2,2018,197.720065321623,C9E7C919-564E-48C3-8DD5-879F6099FB5F,781089,781089_b,,b
3,781091_b,10,0.3129071745794648,High-density,781091,E00020379,E00020379,E01004050,844343,-0.0847782421846287,51.468936266900606,jcbJ-kvTI1q8iQemMFTmlw,51.4689428650037,-0.0848018714423701,2,2018,237.176924710883,C9E7C919-564E-48C3-8DD5-879F6099FB5F,781091,781091_b,,b
4,781090_b,4,0.1110679641934012,Low-density,781090,E00020379,E00020379,E01004050,844342,-0.0845156578666378,51.469009944064,5vzgZmbwVvJMUwrD_V0LQQ,51.469011734387706,-0.0845520973394837,2,2018,244.30984099821487,C9E7C919-564E-48C3-8DD5-879F6099FB5F,781090,781090_b,,b
5,781085_b,11,0.1794175014469432,Open green space,781085,E00020379,E00020379,E01004050,844337,-0.0833334016441704,51.469359155997296,siuwVfcKQUDzDUAvTuPX_A,51.469358667330894,-0.0833767167907618,2,2018,261.24413371572496,C9E7C919-564E-48C3-8DD5-879F6099FB5F,781085,781085_b,,b
9,780665_b,10,0.3628721404899706,High-density,780665,E00020199,E00020199,E01004013,843884,-0.0763946063872893,51.47510599099101,3QbXQE80xO7Jmt0o2DHA2g,51.4750752109729,-0.0763457294066397,2,2018,248.41603075823,D9564008-33F2-4A60-9D62-93DA182692DE,780665,780665_b,,b
10,780654_b,10,0.2121874210851445,High-density,780654,E00020199,E00020199,E01004013,843872,-0.077180729707496,51.4754679853106,BOunQB4SPAQ62g58vg4xaQ,51.4754929917005,-0.0772153829472558,3,2019,250.655670727879,BA756A0A-AAED-458E-AFC3-50B9CBA4507D,780654,780654_b,,b
13,780681_b,10,0.3966329448492999,High-density,780681,E00020199,E00020199,E01004013,843903,-0.0762862773389126,51.4754590204337,HPp5QU_99j47La0t-qcGEQ,51.4754465597845,-0.0762632334380235,3,2019,162.89727103094802,E4F1C7F1-0C6D-4D44-BF74-C910A848FC8A,780681,780681_b,,b
16,780552_b,10,0.2931808612953409,High-density,780552,E00020199,E00020199,E01004013,843759,-0.0778056179312432,51.4749465612926,OoZVXMeZi9ypnvbMOEOaLw,51.4749882524916,-0.0777927539712347,9,2020,161.218776855795,CD69D8C6-3AE6-426C-B967-BBF8D2578ECD,780552,780552_b,,b
17,780554_b,10,0.154584621485657,High-density,780554,E00020199,E00020199,E01004013,843761,-0.0776348211327346,51.4746031631066,8vEV0_sRmXtus9di1tBCSA,51.4745799725702,-0.0776022167534334,3,2019,161.227986283234,CD69D8C6-3AE6-426C-B967-BBF8D2578ECD,780554,780554_b,,b
18,780660_b,4,0.001,Low-density,780660,E00020199,E00020199,E01004013,843878,-0.0773754555459302,51.4745157133157,f0SdoXngZeSIERtTkewixg,51.47454145755921,-0.0775401701862587,7,2021,161.227986283234,CD69D8C6-3AE6-426C-B967-BBF8D2578ECD,780660,780660_b,,b
20,780663_b,10,0.2547625636706695,High-density,780663,E00020199,E00020199,E01004013,843882,-0.0769354135897218,51.47498253956739,rrvZhcN8xPw0VaxxXGachw,51.4749625912335,-0.0769561318214151,2,2018,248.41603075823,D9564008-33F2-4A60-9D62-93DA182692DE,780663,780663_b,,b
25,780553_b,10,0.1904821532769435,High-density,780553,E00020199,E00020199,E01004013,843760,-0.0777202315508005,51.4747748598423,F_7WaAM70r0NRgLoXBO9nQ,51.4748186886738,-0.0777153931096785,9,2020,161.243738190448,CD69D8C6-3AE6-426C-B967-BBF8D2578ECD,780553,780553_b,,b
29,780677_b,10,0.2377578548601399,High-density,780677,E00020199,E00020199,E01004013,843898,-0.0764149208911565,51.4757704389708,zBNISaXQbYTnzYrO-TzqCw,51.4758125597368,-0.0763973341677509,2,2018,165.46554491946,35C0B366-9181-4640-AC26-BFBFFF9F091E,780677,780677_b,,b
30,780661_b,10,0.2005180818802856,High-density,780661,E00020199,E00020199,E01004013,843879,-0.0774273506327387,51.4746925590588,_ABua14TU6II83PyKvi_Eg,51.474661021276205,-0.0775885682284677,5,2018,161.227986283234,CD69D8C6-3AE6-426C-B967-BBF8D2578ECD,780661,780661_b,,b
31,665772_b,10,0.3777219229206395,High-density,665772,E00023976,E00023976,E01004737,719846,-0.130900104437384,51.4869754904452,FO_F3GqcDFxknVdQ9xyjGg,51.4869444409964,-0.130952073351945,11,2020,200.580098862017,BC64E30F-AC99-4660-881D-D4A0C5701589,665772,665772_b,,b
32,665770_b,10,0.5365186960250486,High-density,665770,E00023976,E00023976,E01004737,719844,-0.130683946441014,51.4873087913852,qjPdL62ytrLQpPBMEnHhmg,51.4873628833838,-0.1307196958997419,11,2020,200.580098862017,BC64E30F-AC99-4660-881D-D4A0C5701589,665770,665770_b,,b
33,665775_b,10,0.2934166781979063,High-density,665775,E00023976,E00023976,E01004737,719849,-0.1312603063067959,51.487126352421896,aJ4lcRMfLNzu5X82MC-9xQ,51.4870270738326,-0.130903065327708,11,2020,200.580098862017,BC64E30F-AC99-4660-881D-D4A0C5701589,665775,665775_b,,b
34,665806_b,10,0.451823167435693,High-density,665806,E00023976,E00023976,E01004737,719881,-0.131303218274306,51.4876187713328,pMUtBmIbxwmP9c7bv3kNFA,51.4874471974958,-0.130673204706306,11,2020,200.580098862017,BC64E30F-AC99-4660-881D-D4A0C5701589,665806,665806_b,,b
36,665771_b,10,0.4420243788366329,High-density,665771,E00023976,E00023976,E01004737,719845,-0.1307920258399419,51.4871421409712,GeDVZoDBoEcqPrZ_K9Y-MA,51.4871111464708,-0.130857111823517,11,2020,200.580098862017,BC64E30F-AC99-4660-881D-D4A0C5701589,665771,665771_b,,b
37,665802_b,13,0.4882049912878139,Estates,665802,E00023976,E00023976,E01004737,719877,-0.130460268897087,51.487674711412105,NuYioJ9qW-crCq7qtLp_aw,51.4876959772161,-0.1305284209739559,11,2020,199.427033743784,B4C63E80-3553-488B-A148-1E3898A1B4C6,665802,665802_b,,b
39,665803_b,10,0.2639197012696884,High-density,665803,E00023976,E00023976,E01004737,719878,-0.130562939899859,51.48750673317328,P11r0z-LsdwsqP8zFk9MEw,51.487530309097394,-0.130626707649951,11,2020,199.427033743784,B4C63E80-3553-488B-A148-1E3898A1B4C6,665803,665803_b,,b
40,665776_b,10,0.0860607728023432,High-density,665776,E00023976,E00023976,E01004737,719850,-0.131140048005225,51.4872897183984,w-EOyGBnPh75qMVNP_ZQWw,51.48719481813421,-0.130811335502494,11,2020,200.580098862017,BC64E30F-AC99-4660-881D-D4A0C5701589,665776,665776_b,,b
41,668795_b,10,0.3491948576438172,High-density,668795,E00023976,E00023976,E01004737,723201,-0.131832734075523,51.48785524119822,uTtnjnHDwiZVcuB67po9ew,51.4876134223781,-0.130578775993434,11,2020,199.427033743784,B4C63E80-3553-488B-A148-1E3898A1B4C6,668795,668795_b,,b
42,668784_b,10,0.2078024933537549,High-density,668784,E00023976,E00023976,E01004737,723188,-0.131997883321033,51.4875125111938,COdn7iR760X2wIkamSAklA,51.487278569959294,-0.130765648973671,11,2020,200.580098862017,BC64E30F-AC99-4660-881D-D4A0C5701589,668784,668784_b,,b
44,791349_b,10,0.4776397293025572,High-density,791349,E00019815,E00019815,E01003940,855541,-0.0862439788488349,51.498239683189794,XB81l_FD6pTBkCPWNPCmmQ,51.4982391785494,-0.0862866787770229,4,2019,246.252701617219,997A0FF9-C8EF-44F3-9D83-BD1BAE732939,791349,791349_b,,b
47,791039_b,10,0.4284144428353352,High-density,791039,E00019815,E00019815,E01003940,855195,-0.0866675431609851,51.4984026915313,9SypNhzgMuJnyQb_alF-pA,51.49816952056401,-0.0865810686991698,4,2019,246.252701617219,997A0FF9-C8EF-44F3-9D83-BD1BAE732939,791039,791039_b,,b
49,791316_b,13,0.3752733288939207,Estates,791316,E00019815,E00019815,E01003940,855504,-0.0860434439231438,51.4974045779015,gW7wOX6-TjK1x0FzNytahw,51.497409775822106,-0.0860090517062675,5,2021,302.387631346322,625308FF-A7CA-4B3F-A471-5FFE2972363A,791316,791316_b,,b
53,791036_b,13,0.0592550631028927,Estates,791036,E00019815,E00019815,E01003940,855192,-0.0860861693653089,51.498472548940704,_ejIHDmSLDBgte_x9Gzdcg,51.4984959930559,-0.0861004759015933,11,2020,163.85566121971598,4425D14B-311F-43F5-A3C4-EE1123640151,791036,791036_b,,b
55,791315_b,10,0.4415880959553711,High-density,791315,E00019815,E00019815,E01003940,855503,-0.0862820106123272,51.4974998712711,Lu-lk69aCmC5fQbNY9Oa3A,51.4974910017354,-0.0863403646661832,3,2018,226.605043465833,625308FF-A7CA-4B3F-A471-5FFE2972363A,791315,791315_b,,b
56,783364_b,4,0.001,Low-density,783364,E00019815,E00019815,E01003940,846840,-0.0853330768069936,51.4990122999128,yeAvWxxkTCpZi98qmodjhA,51.4990183471627,-0.0853109954619612,5,2019,124.045666486578,CCC5DE3E-AA0C-491F-AC2B-BF29D65A6228,783364,783364_b,,b
58,791305_b,13,0.2146227715776222,Estates,791305,E00019815,E00019815,E01003940,855491,-0.0859866095733273,51.4970704766257,-d4f7-v0-FJxIYO8_HAlug,51.4973460883212,-0.0859268745567226,4,2019,302.387631346322,625308FF-A7CA-4B3F-A471-5FFE2972363A,791305,791305_b,,b
59,791056_b,10,0.3203099116509921,High-density,791056,E00019815,E00019815,E01003940,855214,-0.086851581179916,51.49884820891621,EUu5Oe6XeOT6WmwvFVBJGA,51.4988486376668,-0.0867804804574809,11,2020,125.087664092376,5C497036-E251-474F-95C4-FE8A9125DBCE,791056,791056_b,,b
66,781138_b,4,0.3299325570019528,Low-density,781138,E00020380,E00020380,E01004050,844394,-0.0772340325593783,51.46831281762779,CfrH0zlrms5EaW-wj2UGJw,51.4683065667186,-0.0772143030664833,9,2020,228.21548399138695,9C5107FC-45C2-466A-9554-56F5E46C2034,781138,781138_b,,b
67,781228_b,4,0.0736865700966378,Low-density,781228,E00020380,E00020380,E01004050,844493,-0.0779510752861301,51.4690878432897,eGY4ieVhx0s3VaAB6Aq_fA,51.46910902797271,-0.0779556252485898,2,2018,186.70527455742905,2E2C62DC-1361-4427-89A2-3EDB1FDCA759,781228,781228_b,,b
68,781139_b,4,0.1190581943277578,Low-density,781139,E00020380,E00020380,E01004050,844395,-0.0769749661433971,51.46839119717861,c8aEYjFNuCwSYbBL5Bieow,51.4683847856831,-0.0769816732059505,2,2018,242.65012421992995,9C5107FC-45C2-466A-9554-56F5E46C2034,781139,781139_b,,b
71,781226_b,10,0.3247191727494715,High-density,781226,E00020380,E00020380,E01004050,844491,-0.0774127827260062,51.4690292807113,awQCDkgiN8nAA0aSL6Fw6A,51.4690203132697,-0.0779364949528663,3,2019,186.70527455742905,2E2C62DC-1361-4427-89A2-3EDB1FDCA759,781226,781226_b,,b
72,780924_b,10,0.4913261000687318,High-density,780924,E00020380,E00020380,E01004050,844163,-0.0763263150517179,51.468534977295896,IL1wwV708MnF0044VydGwA,51.4685428291713,-0.0762640652235891,2,2018,271.22919569967496,BCAAD5F2-D657-4FF3-974C-86A9C0238EB9,780924,780924_b,,b
73,781229_b,9,0.2007282171188691,Low-density,781229,E00020380,E00020380,E01004050,844494,-0.0782243126972832,51.469144427258215,C0L0XweymDy94q5MaaXQMg,51.46914223764399,-0.0781563581201239,2,2018,106.840512064204,46A87152-F23F-4088-B930-EEDE0B92DEA2,781229,781229_b,,b
75,780917_b,4,0.1558927841949964,Low-density,780917,E00020380,E00020380,E01004050,844156,-0.076836533121874,51.4689595817192,VijEEeeStU92SNR_LDiqjg,51.468981921699495,-0.0765935962523032,2,2018,183.3762861656029,59AD12D2-870A-411F-8B8A-D93DBB7DD79F,780917,780917_b,,b
77,781217_b,4,0.3658424156854829,Low-density,781217,E00020380,E00020380,E01004050,844480,-0.0779829152187445,51.4689499933026,LgD-E9GefcCS1OIw-XsFiQ,51.4689399156923,-0.0779455775702971,2,2018,170.78429027491,2E2C62DC-1361-4427-89A2-3EDB1FDCA759,781217,781217_b,,b
78,780920_b,9,0.1791720051393337,Low-density,780920,E00020380,E00020380,E01004050,844159,-0.0762739461153215,51.46892484344621,n9qMaNNeS9CUfKnjx5uByA,51.4689430766554,-0.0763036381826319,2,2018,164.985733737691,BCAAD5F2-D657-4FF3-974C-86A9C0238EB9,780920,780920_b,,b
79,780914_b,4,0.5164847539792554,Low-density,780914,E00020380,E00020380,E01004050,844153,-0.0768247286690648,51.4684366505619,jxTAjdD__JzTQi1D24WnYQ,51.4684127882928,-0.0768130672293687,9,2020,242.65012421992995,9C5107FC-45C2-466A-9554-56F5E46C2034,780914,780914_b,,b
81,781230_b,9,0.001,Low-density,781230,E00020380,E00020380,E01004050,844495,-0.0784975507998164,51.46920101059629,7OfbMUuu9mU3qZzS7SrgnA,51.4691999979136,-0.0784403891516885,2,2018,106.840512064039,46A87152-F23F-4088-B930-EEDE0B92DEA2,781230,781230_b,,b
82,780916_b,4,0.0718423657118683,Low-density,780916,E00020380,E00020380,E01004050,844155,-0.0767758704764144,51.46879493507279,Nm3ErM-AJjQ3DywFoetaqw,51.46871828660971,-0.0767450915324884,9,2020,183.359851137323,59AD12D2-870A-411F-8B8A-D93DBB7DD79F,780916,780916_b,,b
85,781137_b,4,0.1982680836517589,Low-density,781137,E00020380,E00020380,E01004050,844393,-0.0774554510719999,51.46819837564721,bv22-0Hx1cv70CrXWDXzIQ,51.4682018942231,-0.0774524075961573,9,2020,228.113911594782,9C5107FC-45C2-466A-9554-56F5E46C2034,781137,781137_b,,b
86,780923_b,4,0.001,Low-density,780923,E00020380,E00020380,E01004050,844162,-0.0760900202719439,51.468637660836286,_3MWlaBD2oSSQaFGhS875g,51.4686373265816,-0.0760168039300628,2,2018,233.666169131578,BCAAD5F2-D657-4FF3-974C-86A9C0238EB9,780923,780923_b,,b
87,780925_b,2,0.001,Other green,780925,E00020380,E00020380,E01004050,844164,-0.0765626087767981,51.4684322932664,XaFXe_v5Ak9olzccMklOGg,51.4684287026758,-0.0766218776852881,2,2018,271.22919569967496,BCAAD5F2-D657-4FF3-974C-86A9C0238EB9,780925,780925_b,,b
88,371298_b,1,0.2474807716564013,Open green space,371298,E00016908,E00016908,E01003336,401879,-0.0448641919909616,51.4610478874109,s4h6_CYqJrdfstUzJGhe3A,51.4610782653049,-0.0448373414665129,8,2020,258.77420223726,16E14A27-7A68-43E2-B7A4-36A09455C36D,371298,371298_b,,b
93,371310_b,6,0.1514639413406949,Other green,371310,E00016908,E00016908,E01003336,401891,-0.043958144491644,51.4609325737226,oB1IbQPUFMU9XgA2eRe4XQ,51.46093794477321,-0.0439699995150482,4,2019,227.290610042639,DF5D9485-8128-45E8-8B85-53F473EFE9E1,371310,371310_b,,b
98,371311_b,10,0.2069481893429889,High-density,371311,E00016908,E00016908,E01003336,401892,-0.0436704353841139,51.4609277729288,77SStOrP-7I6wnEmU-E4rw,51.4609417311716,-0.0437020687659841,8,2020,90.0,057EC6BB-F196-4C66-9E1A-575F5FF39F42,371311,371311_b,,b
99,371313_b,6,0.001,Other green,371313,E00016908,E00016908,E01003336,401895,-0.0439759287670911,51.4609545945975,kmtOQAtceqDH1tiHMtZW8Q,51.460950610400296,-0.0439611686709453,8,2020,227.290610042639,DF5D9485-8128-45E8-8B85-53F473EFE9E1,371313,371313_b,,b
100,371297_b,11,0.307143251839131,Open green space,371297,E00016908,E00016908,E01003336,401878,-0.0450202409963801,51.46094968377461,dlfVKnRwyPa9ddNjlC1xcg,51.4609481378289,-0.0449892081445982,8,2020,178.92229873028805,16E14A27-7A68-43E2-B7A4-36A09455C36D,371297,371297_b,,b
101,371318_b,13,0.3316281862738646,Estates,371318,E00016907,E00016907,E01003336,401900,-0.0411284111517271,51.4611430568377,IhQmCRbKaHcGBsFHAS1p5A,51.46113437649421,-0.0410752748073552,5,2018,135.806929455102,28E7A4AD-0D4A-423B-8AB9-F880B41B6318,371318,371318_b,,b
103,371332_b,4,0.2691278023121417,Low-density,371332,E00016907,E00016907,E01003336,401917,-0.042884571985662,51.4613884329996,rszs8RP5pPTr-XzjgZHhTQ,51.4613900369209,-0.0428479082281886,7,2021,133.069412558833,E4A83A37-E6C6-4CC4-9678-D6691EF1F4B1,371332,371332_b,,b
105,371286_b,13,0.2778014609925061,Estates,371286,E00016907,E00016907,E01003336,401867,-0.0402800267821973,51.4600510113937,BEJCysOo08SIit54jyjHeg,51.460030875739,-0.0402681327364486,3,2019,222.713082052591,49D74268-E54D-44C8-BC60-E7D0A115407A,371286,371286_b,,b
108,371301_b,8,0.068733785619801,Low-density,371301,E00016907,E00016907,E01003336,401882,-0.0424526690245415,51.461112124844206,C0fxVeQRWwNf5jz_BuMfOg,51.4611196292949,-0.0424324985686959,9,2020,135.395137042507,270E3E8B-9673-4919-BA99-47562F17E633,371301,371301_b,,b
109,371284_b,8,0.0883650078715729,Low-density,371284,E00016907,E00016907,E01003336,401865,-0.0400761698113079,51.4603821268758,lht27OfO7aSjlDh0m_6EbQ,51.4603693808961,-0.040056491398203,3,2019,222.273689003076,49D74268-E54D-44C8-BC60-E7D0A115407A,371284,371284_b,,b
111,371317_b,13,0.2690771342325145,Estates,371317,E00016907,E00016907,E01003336,401899,-0.0413234502535537,51.4612752699401,N6FyF-tZdLzJ1gtvZCUhlA,51.4612289746606,-0.0412154105257104,5,2018,135.806929455102,28E7A4AD-0D4A-423B-8AB9-F880B41B6318,371317,371317_b,,b
113,371275_b,6,0.2482589247228147,Other green,371275,E00016907,E00016907,E01003336,401856,-0.0415631943972127,51.4605174141523,F5E0SiBz_SBHYZhdZKoNZw,51.4605364120984,-0.0416197089966657,4,2021,135.607353004934,270E3E8B-9673-4919-BA99-47562F17E633,371275,371275_b,,b
115,371309_b,4,0.254243209080233,Low-density,371309,E00016907,E00016907,E01003336,401890,-0.0414672415609121,51.4605768178185,yBxbY6Xd7CIs5oGSytL9TQ,51.4605608277738,-0.0414700962275694,5,2018,223.351655495221,64E8294D-6C3F-4B2B-899A-B782A4135352,371309,371309_b,,b
117,371302_b,13,0.4712596163969237,Estates,371302,E00016907,E00016907,E01003336,401883,-0.0422561112020629,51.460980792662,XkqQPJro610VtJVh4hSB7A,51.4609928395418,-0.0422265988001708,9,2020,135.395137042507,270E3E8B-9673-4919-BA99-47562F17E633,371302,371302_b,,b
120,371287_b,9,0.1608145673951353,Low-density,371287,E00016907,E00016907,E01003336,401868,-0.0405145829715566,51.4599840678888,60YKDFfYjmdYSeEvMWTY1A,51.4599701998178,-0.0405299641770209,3,2019,276.581944655178,49D74268-E54D-44C8-BC60-E7D0A115407A,371287,371287_b,,b
124,371331_b,4,0.1717685614386227,Low-density,371331,E00016907,E00016907,E01003336,401916,-0.0430895030956623,51.46151467325629,FHWAKN6h9Ec4bwRbZKWDyQ,51.4615170722082,-0.0430389760495719,7,2021,133.069412558833,E4A83A37-E6C6-4CC4-9678-D6691EF1F4B1,371331,371331_b,,b
125,371303_b,10,0.2125675708398565,High-density,371303,E00016907,E00016907,E01003336,401884,-0.0420595545070877,51.4608494601594,mZmjEYau1Pi0cUi1bbCWmQ,51.46086884854,-0.0420376916219447,4,2021,135.395137042507,270E3E8B-9673-4919-BA99-47562F17E633,371303,371303_b,,b
127,371277_b,11,0.1777045480792588,Open green space,371277,E00016907,E00016907,E01003336,401858,-0.0419363416690107,51.4602437465351,__f3tXuhLP9zNmXTecTSQQ,51.4602506720405,-0.0419541590541728,8,2020,219.598407502194,3C95F32D-E4C5-43AA-BFD2-9AF18A918EF1,371277,371277_b,,b
128,371291_b,4,0.1060117272475301,Low-density,371291,E00016907,E00016907,E01003336,401872,-0.0413854494391432,51.4604106260759,3RNvU4GsTSt9buRkl5m0pg,51.4604336812217,-0.0413655828310869,3,2019,309.522631271063,49D74268-E54D-44C8-BC60-E7D0A115407A,371291,371291_b,,b
129,371300_b,4,0.1765582980700729,Low-density,371300,E00016907,E00016907,E01003336,401881,-0.0426492279745385,51.461243456706,deuokvoo0ka1DXe48UOrmg,51.4612518740072,-0.042623390152809,7,2021,135.395137042507,270E3E8B-9673-4919-BA99-47562F17E633,371300,371300_b,,b
132,663586_b,10,0.2984810450010732,High-density,663586,E00015189,E00015189,E01003015,717449,-0.116009519165766,51.4941691782103,2GufakeF_CGyCQewD48YxA,51.4941845127185,-0.116013786567371,4,2019,117.582029207797,A03E43FE-9CEE-4B2B-88A6-52CC30449A37,663586,663586_b,,b
138,663585_b,10,0.4452435036759641,High-density,663585,E00015189,E00015189,E01003015,717448,-0.1157577439870219,51.4940818586629,bNnMK-Iv-qOuzU2u7zN0dg,51.49410633945661,-0.115765691332536,4,2019,117.582029207797,A03E43FE-9CEE-4B2B-88A6-52CC30449A37,663585,663585_b,,b
143,663430_b,15,0.2786985906195286,Commercial,663430,E00015189,E00015189,E01003015,717277,-0.1157636286737719,51.49518100153811,6U0xr-5foS6goRDOQ6WRJA,51.495172053768,-0.1157547817303719,11,2020,200.460849827159,9025ACD0-2843-4FED-998E-6855C5B5502F,663430,663430_b,,b
144,663370_b,10,0.2928059877148198,High-density,663370,E00015189,E00015189,E01003015,717214,-0.11620579124059,51.4942372478152,WYWOx0ThxYbbNB8889qGjA,51.494237993433714,-0.116176800074655,5,2021,117.582029207797,A03E43FE-9CEE-4B2B-88A6-52CC30449A37,663370,663370_b,,b
146,663582_b,6,0.2133976774513699,Other green,663582,E00015189,E00015189,E01003015,717444,-0.11497176693333,51.494118499909895,RtSfxX-yaGFXoD0ng5SO6w,51.4941314405525,-0.1149439664213069,11,2020,127.564653693348,20629EAB-945E-4AAF-9BDC-969E71BC360A,663582,663582_b,,b
150,662758_b,13,0.2225267775183826,Estates,662758,E00015189,E00015189,E01003015,716546,-0.114042530988389,51.49433918540689,jdz-tQn-V-d6zhelN01unA,51.4945178918163,-0.114394803412288,8,2020,222.157862116344,1C67E07B-E0A4-425C-B8D4-21CDBC9086DD,662758,662758_b,,b
151,663415_b,4,0.0280174125691424,Low-density,663415,E00015189,E00015189,E01003015,717261,-0.1154739609237699,51.4947752047642,E_8Q9Nw_XALJ0tHzhCFd3Q,51.4948008429504,-0.115474092070245,11,2020,166.84760942348302,5F791D66-273D-499D-B119-F519247512FC,663415,663415_b,,b
152,663418_b,4,0.001,Low-density,663418,E00015189,E00015189,E01003015,717265,-0.115714737036499,51.49487387780721,VjTtrsH2fiuhRotaAubz8g,51.49489129868711,-0.115708885080506,11,2020,121.809051592282,5A669747-6F6C-4E57-A4CF-35879B66A464,663418,663418_b,,b
158,781040_b,4,0.1302688199696939,Low-density,781040,E00020381,E00020381,E01004050,844288,-0.0857381062523888,51.46824745599179,FkpZPNL_NdsRjqHfZX3n1g,51.468247913562,-0.085748483710552,9,2020,243.642815184869,9E10C1DE-6CA0-4170-AFC5-D62B539A2036,781040,781040_b,,b
161,793096_b,1,0.1703823681317851,Open green space,793096,E00020381,E00020381,E01004050,857455,-0.0868693597523457,51.4686095040639,pY3iAyn5lJLL-2bYd4de9w,51.4686160230313,-0.0868696832271633,4,2021,183.179830119864,1DE9FACC-F77F-4969-83E2-45348AA4CC02,793096,793096_b,,b
162,781045_b,10,0.1189337792579466,High-density,781045,E00020381,E00020381,E01004050,844293,-0.0861037520356984,51.46747085954001,BK0wI2P976sRpE5tD22Ovw,51.4674722904768,-0.0860965871937949,9,2020,158.772563327694,2730489E-21BC-4B4B-A68C-4B20F58CEED8,781045,781045_b,,b
168,781096_b,13,0.1783126096120744,Estates,781096,E00020381,E00020381,E01004050,844348,-0.0842711311449699,51.467842059896405,11v6-a1WTfen4_K3RJj-zg,51.4678056979314,-0.0844588563693322,9,2020,151.389540334035,17257A9C-1D0B-4950-BC41-4E456B8F2634,781096,781096_b,,b
169,781027_b,11,0.1008189509022053,Open green space,781027,E00020381,E00020381,E01004050,844274,-0.0859241678157837,51.4681936122024,bM_bVxTsC4cuV68dzPUJnQ,51.468211342737,-0.0858888912077636,9,2020,243.642815184869,9E10C1DE-6CA0-4170-AFC5-D62B539A2036,781027,781027_b,,b
174,781070_b,10,0.0643535883644518,High-density,781070,E00020381,E00020381,E01004050,844322,-0.085498710439812,51.469070046183504,XuCmWutZK9jqU_oQaD5XnQ,51.4690596972856,-0.0855046579283024,8,2020,152.10272896905198,49EE7E2A-DF64-459A-8633-2CCD5302ABAE,781070,781070_b,,b
175,781098_b,13,0.001,Estates,781098,E00020381,E00020381,E01004050,844350,-0.0844478486272078,51.4681838019813,_dnxc5FIhAErGw5ztT4nOw,51.468139982009895,-0.0847110060815989,9,2020,152.21607358779102,E0A6DB2E-04BD-4C69-8016-08897FF68306,781098,781098_b,,b
176,793097_b,6,0.2714880362623234,Other green,793097,E00020381,E00020381,E01004050,857456,-0.0868575377061162,51.46843365302741,QAP8fwCuhwnlX1_L3tS2-g,51.4684374507636,-0.0868653683956571,4,2021,184.10649716558495,1DE9FACC-F77F-4969-83E2-45348AA4CC02,793097,793097_b,,b
177,781109_b,10,0.1859093208382923,High-density,781109,E00020381,E00020381,E01004050,844361,-0.0842744502441402,51.4670958752526,uFIa0JWQNMC2KxCJzZIwtA,51.4671201887883,-0.0842248965122113,9,2020,241.11936688363,E2A59EDD-1A1A-4B4F-B539-F06FD4E04A44,781109,781109_b,,b
178,781105_b,13,0.3218553582528689,Estates,781105,E00020381,E00020381,E01004050,844357,-0.0847166084315763,51.46806150745629,TJflQOabJYavmoCMcy-pyQ,51.4680601943204,-0.084653036208317,9,2020,152.21607358779102,E0A6DB2E-04BD-4C69-8016-08897FF68306,781105,781105_b,,b
179,793030_b,1,0.0028996080627894,Open green space,793030,E00020381,E00020381,E01004050,857382,-0.087287738293793,51.4683432410974,1TI8SSSigayh2aGbJuxCOw,51.4683374405927,-0.0872746357785198,5,2021,247.479434397103,001300EC-148C-4108-8A77-2AF42629606E,793030,793030_b,,b
188,806128_b,13,0.1098221337204116,Estates,806128,E00015593,E00015593,E01003093,871690,-0.121868001105668,51.471059805511295,0sKyGanKBZmVUbTRVWcBog,51.471038629461,-0.1218924761980339,3,2019,240.83597514815105,87A20E71-F52D-4D6B-9C5C-B348E84B23E7,806128,806128_b,,b
189,805931_b,13,0.001,Estates,805931,E00015593,E00015593,E01003093,871477,-0.121055342374896,51.4708894020151,TbX2Lh-FSkmINzoJONFnrA,51.4708897659554,-0.1210567801142109,2,2018,150.154068050313,B5ED62EF-374C-4610-8C79-BDA031C0B22C,805931,805931_b,,b
191,806163_b,10,0.2839817590673005,High-density,806163,E00015593,E00015593,E01003093,871731,-0.1210767793665909,51.4709132932222,ZXePZSgsCbZnCEzAKp7gJA,51.4709153920893,-0.121079106403249,8,2020,150.154068050313,B5ED62EF-374C-4610-8C79-BDA031C0B22C,806163,806163_b,,b
192,665798_b,13,0.3488170301666691,Estates,665798,E00023972,E00023972,E01004737,719873,-0.130205052042433,51.4875767474036,a5vHgKrDR37SSWLYALxpbQ,51.4876339172431,-0.1303887276410369,3,2019,199.427033743784,B4C63E80-3553-488B-A148-1E3898A1B4C6,665798,665798_b,,b
193,665813_b,6,0.3477834843524876,Other green,665813,E00023972,E00023972,E01004737,719888,-0.129960679296113,51.4882957026448,HGUC0sNtLlD-13BGtXWl1w,51.488302579458285,-0.1299462009628909,6,2021,207.225234927392,713280DF-D92F-4593-8409-6F965927AC48,665813,665813_b,,b
194,665796_b,13,0.4064058370669504,Estates,665796,E00023972,E00023972,E01004737,719871,-0.13040274555644,51.4872700008848,RieqfEtLobLIFcj-D9Hvkg,51.48736016984879,-0.130564233909838,1,2021,200.580098862017,BC64E30F-AC99-4660-881D-D4A0C5701589,665796,665796_b,,b
195,665809_b,0,0.0690273523364369,Terraced,665809,E00023972,E00023972,E01004737,719884,-0.130752573998249,51.488116586800295,OwGcIoLktX3bo0D51alfvw,51.4879839391825,-0.130332718013584,3,2019,207.20749366868,713280DF-D92F-4593-8409-6F965927AC48,665809,665809_b,,b
196,665808_b,0,0.1424628103557758,Terraced,665808,E00023972,E00023972,E01004737,719883,-0.130928413735378,51.48825897455861,s-2FPSxAanWHy3h3fgrXFg,51.4880548751126,-0.130276928669974,11,2020,207.20749366868,713280DF-D92F-4593-8409-6F965927AC48,665808,665808_b,,b
197,665797_b,13,0.3986348391506775,Estates,665797,E00023972,E00023972,E01004737,719872,-0.13030295344702,51.487409719492,7TBat-z3sV5YKzGSc2eqxg,51.4874426391159,-0.130518450960183,1,2021,199.427033743784,B4C63E80-3553-488B-A148-1E3898A1B4C6,665797,665797_b,,b
198,665814_b,10,0.2965942609986955,High-density,665814,E00023972,E00023972,E01004737,719889,-0.13009892747813,51.4881379809874,mJViwzSdOvWFqgarKdHiFg,51.488170266044,-0.13018656244081,11,2020,207.20749366868,713280DF-D92F-4593-8409-6F965927AC48,665814,665814_b,,b
200,800354_b,13,0.4638784416025052,Estates,800354,E00016102,E00016102,E01003184,865359,-0.1105125936360159,51.4736728443793,O49MMY7ykklYQsAb182qEA,51.4736537554385,-0.11047440413263,8,2020,172.45311715065603,68FD3A4E-0927-41F7-BF0C-9526442186FC,800354,800354_b,,b
202,800220_b,10,0.4258726128209542,High-density,800220,E00016102,E00016102,E01003184,865211,-0.1110537823518999,51.474741128352896,UxSfMLPlp3XrOjrJShjTww,51.4746793711864,-0.110473267428703,8,2020,183.204989502188,58B7B23E-54FC-4BAB-A017-98BF9E812C60,800220,800220_b,,b
203,800351_b,13,0.2646381076447681,Estates,800351,E00016102,E00016102,E01003184,865356,-0.110576500254663,51.4732134743042,CA5qXSsHs11l0fU82b4yMQ,51.473209499445886,-0.110504531413212,3,2019,191.634378651143,5FB827E1-AE72-4AB2-B77B-2ADEA164A071,800351,800351_b,,b
205,800206_b,10,0.6245114587665972,High-density,800206,E00016102,E00016102,E01003184,865196,-0.111601206554981,51.474698987928285,0EZ-EyifqISqIBe_uOg9tw,51.47459150257591,-0.110489669220483,8,2020,183.204989502188,58B7B23E-54FC-4BAB-A017-98BF9E812C60,800206,800206_b,,b
206,800331_b,10,0.5276783755318271,High-density,800331,E00016102,E00016102,E01003184,865334,-0.1117405730569049,51.4736928629802,qN7RuRRIGGXCD-85003tqg,51.4737001879338,-0.1117239675784119,3,2019,107.429862817668,B099B350-7C15-4B5A-BD3D-FDE2FD7D0CB5,800331,800331_b,,b
210,800326_b,10,0.0609044848149714,High-density,800326,E00016102,E00016102,E01003184,865328,-0.112023386518503,51.47357702130011,6KMfOyOYBzG_GyzlISlc4g,51.4737411414203,-0.1118995974211019,8,2020,109.290046219486,7258C33A-645F-4B71-B25D-EB6A713E5272,800326,800326_b,,b
212,800368_b,15,0.1313509271721417,Commercial,800368,E00016102,E00016102,E01003184,865374,-0.110196689190248,51.4735155154778,UqqWjBVIwJBLceSIpZqR-g,51.4734938002728,-0.1102634710169969,3,2019,261.659133137096,2361E0A0-9F28-4BB3-BD90-5CB758A943CB,800368,800368_b,,b
213,800333_b,10,0.4187433496991325,High-density,800333,E00016102,E00016102,E01003184,865336,-0.111703172528335,51.4738683663457,g_NWC0sXc5E3OCucbUUykg,51.4737126554199,-0.111762890384338,3,2018,107.429862817668,B099B350-7C15-4B5A-BD3D-FDE2FD7D0CB5,800333,800333_b,,b
217,800367_b,10,0.1671380404459691,High-density,800367,E00016102,E00016102,E01003184,865373,-0.109910875831793,51.4735370990301,j0SS7L70GULHoXegMLMxgg,51.4735242488632,-0.109932737182842,8,2020,261.62660492757703,2361E0A0-9F28-4BB3-BD90-5CB758A943CB,800367,800367_b,,b
220,800364_b,10,0.3773866423851572,High-density,800364,E00016102,E00016102,E01003184,865370,-0.1104935216869619,51.474513608771,k9rws-QhuOaoEZ88TI6Kiw,51.474506199543285,-0.110505633222863,8,2020,183.210684063847,58B7B23E-54FC-4BAB-A017-98BF9E812C60,800364,800364_b,,b
221,800362_b,10,0.2968591346075633,High-density,800362,E00016102,E00016102,E01003184,865368,-0.110540549687568,51.4741552260202,w6jZmzGMSk77GJIu6hzA5w,51.4741501976548,-0.110528765811533,8,2020,183.203352967586,58B7B23E-54FC-4BAB-A017-98BF9E812C60,800362,800362_b,,b
223,668747_b,0,0.0161749877165462,Terraced,668747,E00023974,E00023974,E01004737,723145,-0.133384684948299,51.487159799273606,TvwCxW-PZEhfLvBPK-BLWg,51.4871518087103,-0.133342216829589,11,2020,152.502572878243,FE289772-562D-4C51-A44C-C833C1E29EF9,668747,668747_b,,b
224,668715_b,10,0.2624532689154175,High-density,668715,E00023974,E00023974,E01004737,723110,-0.1335847597413509,51.48758357356901,hkiEp0IrJywSGfw4EEEScA,51.487606392075,-0.133554805653955,3,2019,159.145541960422,432C218D-9736-4C9A-AC18-39F590398D0A,668715,668715_b,,b
226,668754_b,10,0.3219052716060736,High-density,668754,E00023974,E00023974,E01004737,723153,-0.132900030942221,51.48705931496511,6Kz-jqvJ9xBX6n-AD-GwOg,51.486977199800215,-0.133264192855851,3,2018,162.864756266395,18F010FB-9505-4F92-894E-E82A01EDB2B5,668754,668754_b,,b
229,668734_b,0,0.0675757948015156,Terraced,668734,E00023974,E00023974,E01004737,723131,-0.13360167605921,51.4870847037236,4Zn1u8FdWZO33VA35tjD4g,51.4871489243176,-0.133340589313741,3,2018,152.502572878243,FE289772-562D-4C51-A44C-C833C1E29EF9,668734,668734_b,,b
230,668783_b,0,0.001,Terraced,668783,E00023974,E00023974,E01004737,723187,-0.132083327521296,51.4876693243292,dRUEHJr8FqJD9k4q8aHaQg,51.4874067954451,-0.133452542568355,3,2018,162.84058141312,486E7F91-749E-4CE5-A1F6-52A76437857B,668783,668783_b,,b
232,668723_b,10,0.1273356983011564,High-density,668723,E00023974,E00023974,E01004737,723119,-0.132809554285388,51.48797558433889,iVf-0c50KGVasJuo1R9mOw,51.487694600823794,-0.133610006458076,11,2020,159.145541960422,432C218D-9736-4C9A-AC18-39F590398D0A,668723,668723_b,,b
234,90330_b,0,0.2281497247688325,Terraced,90330,E00023974,E00023974,E01004737,97482,-0.134414126808703,51.4876196328575,VIdgnA9Vz6eQNX5v7oDGRA,51.48788522230621,-0.133850029287374,3,2019,140.96448710125298,432C218D-9736-4C9A-AC18-39F590398D0A,90330,90330_b,,b
237,668724_b,10,0.3217949897440831,High-density,668724,E00023974,E00023974,E01004737,723120,-0.1325782584694829,51.487868466969005,2jwnAVI_TBz0IZeYeGogLg,51.487614009465,-0.133554035210037,11,2020,159.145541960422,432C218D-9736-4C9A-AC18-39F590398D0A,668724,668724_b,,b
238,668735_b,10,0.2590135766022837,High-density,668735,E00023974,E00023974,E01004737,723132,-0.133523864855815,51.4869115983981,45IjhHVzDJlY2MjKxMVy8Q,51.48698168581061,-0.133267441723509,11,2020,162.864756266395,18F010FB-9505-4F92-894E-E82A01EDB2B5,668735,668735_b,,b
240,668752_b,10,0.4036087033242025,High-density,668752,E00023974,E00023974,E01004737,723151,-0.133176748912178,51.487355374543895,9Bv0b3hQjb9vM9f54lweVA,51.4873203295566,-0.133416088771951,3,2018,162.867933716785,18F010FB-9505-4F92-894E-E82A01EDB2B5,668752,668752_b,,b
241,668737_b,10,0.1625040609441078,High-density,668737,E00023974,E00023974,E01004737,723134,-0.133368244170601,51.4865653875954,DXYVgelQL6N65xqTY35Oug,51.4866343920145,-0.133112571612225,3,2019,162.407575437818,FF9B6A7A-17BF-44C2-8492-A0289E8F73A2,668737,668737_b,,b
242,668736_b,10,0.1570754071389354,High-density,668736,E00023974,E00023974,E01004737,723133,-0.13344605422628,51.486738493022095,oVsvHQZQYoKpJiDxORmYIg,51.486809642717,-0.133189520699767,11,2020,162.864756266395,18F010FB-9505-4F92-894E-E82A01EDB2B5,668736,668736_b,,b
245,668733_b,0,0.0870465026655112,Terraced,668733,E00023974,E00023974,E01004737,723130,-0.1336794878364769,51.48725780899861,yqZFy37aiLXaZXjUsNdwKA,51.4873198446531,-0.1334194932623099,3,2019,162.867933716785,18F010FB-9505-4F92-894E-E82A01EDB2B5,668733,668733_b,,b
246,781188_b,14,0.2313316386465165,Low-density,781188,E00020382,E00020382,E01004050,844448,-0.0798109183371553,51.46761112595021,nbKdFc3N0sCMp-SxiHRHfQ,51.467613557526,-0.07978542138147,8,2020,257.17560189776503,A3B03B30-DEA5-4DE2-9D1D-2FF1456B8689,781188,781188_b,,b
248,781195_b,2,0.0455360602371307,Other green,781195,E00020382,E00020382,E01004050,844455,-0.0780182524002747,51.4677872279737,S3FSn8mMhvdvetFhl_EkHQ,51.4677853089182,-0.0780073219844345,8,2020,260.933497260184,49AB129B-99FB-4AC8-852D-6BF13F5C8BAD,781195,781195_b,,b
250,781197_b,4,0.0773833895744218,Low-density,781197,E00020382,E00020382,E01004050,844457,-0.0815560361908008,51.4683394697859,AhX0yUYQJuvHAxrnNup3kg,51.468346183481,-0.0815727398398547,3,2019,62.342972980913295,796B4AF1-FA1F-4CEB-BF1D-D6A6F12466BD,781197,781197_b,,b
253,781202_b,4,0.0105053384214965,Low-density,781202,E00020382,E00020382,E01004050,844462,-0.080248977363388,51.468711546356,Q-fg5CmKUBRH_uVY3cFTSg,51.4687141562405,-0.0802896428985821,8,2020,71.97090599220941,796B4AF1-FA1F-4CEB-BF1D-D6A6F12466BD,781202,781202_b,,b
254,781201_b,0,0.1905428418608458,Terraced,781201,E00020382,E00020382,E01004050,844461,-0.0805224993892352,51.468656488056496,v8iuzZLPzuXMetefl88NSA,51.46864930413071,-0.0805388773129035,3,2019,71.97090599220941,796B4AF1-FA1F-4CEB-BF1D-D6A6F12466BD,781201,781201_b,,b
256,781191_b,4,0.001,Low-density,781191,E00020382,E00020382,E01004050,844451,-0.0791596621745312,51.467692568563,-UQtIUgHpKcG5vKw53vteg,51.46768775315381,-0.0792265021480447,8,2020,257.17560189776503,A3B03B30-DEA5-4DE2-9D1D-2FF1456B8689,781191,781191_b,,b
257,781194_b,0,0.164961826947616,Terraced,781194,E00020382,E00020382,E01004050,844454,-0.0783036052595439,51.4677635641678,t5zR6ozZzxnHNC3PrvivsA,51.46776875950189,-0.0783065215607705,8,2020,260.933497260184,49AB129B-99FB-4AC8-852D-6BF13F5C8BAD,781194,781194_b,,b
260,781199_b,9,0.177440857405748,Low-density,781199,E00020382,E00020382,E01004050,844459,-0.0810392695583499,51.468497980081,LE6QUh8rnMwyz2G-zNLgaA,51.468504838878495,-0.0810546657599689,3,2019,71.97090599220941,796B4AF1-FA1F-4CEB-BF1D-D6A6F12466BD,781199,781199_b,,b
262,781136_b,4,0.001,Low-density,781136,E00020382,E00020382,E01004050,844392,-0.0776747248119865,51.4680818920432,uQESMx3lqCDiCEPGGcrQqw,51.468113777504,-0.0776220996084292,9,2020,194.470294100066,DF9C8AC6-ADE0-455B-AE7B-75D19EBCC423,781136,781136_b,,b
267,781203_b,9,0.0953668098137523,Low-density,781203,E00020382,E00020382,E01004050,844463,-0.0799730084458299,51.468762694152495,CzKEp1WKVZPTHHJfLQ8-6Q,51.46877421096539,-0.080022585543298,8,2020,71.9436521391802,796B4AF1-FA1F-4CEB-BF1D-D6A6F12466BD,781203,781203_b,,b
274,371223_b,10,0.1106818547514097,High-density,371223,E00016910,E00016910,E01003336,401800,-0.0429704836072189,51.4589666559805,lODnJh_c54QLqINNvso-gA,51.4589231163719,-0.0429594403830696,4,2019,205.014727258778,C7943CC4-46E1-4B15-BCEF-F885EC623F84,371223,371223_b,,b
275,371263_b,13,0.2541581264848436,Estates,371263,E00016910,E00016910,E01003336,401842,-0.0426195189397917,51.45948147341721,u3F-QyHlhrb_ftQmousiTA,51.4594984079566,-0.0425948785144682,3,2018,130.071628058485,6032DA82-5FD1-4B5A-8AAB-1DF2CA68618E,371263,371263_b,,b
278,371268_b,6,0.3243763468747083,Other green,371268,E00016910,E00016910,E01003336,401849,-0.0435985081196657,51.4609265726201,ytg4WYG397goLRl7L_Iu-w,51.46092977260611,-0.0435332605952001,4,2021,176.06982445427502,0CCA4367-2B0F-4DAD-BF02-75EA85D66A33,371268,371268_b,,b
279,371272_b,13,0.2995396198404239,Estates,371272,E00016910,E00016910,E01003336,401853,-0.0435503015740837,51.4602080445734,YfS7iNlfbunkj3CS6H6WXA,51.4602102669353,-0.0435365193841217,7,2021,176.06982445427502,0CCA4367-2B0F-4DAD-BF02-75EA85D66A33,371272,371272_b,,b
280,371266_b,4,0.1854015188472439,Low-density,371266,E00016910,E00016910,E01003336,401847,-0.0425935239474813,51.4597731166251,iJ-BJ2b2EBGOtYlYgk_s0w,51.4597751211633,-0.0426202420087149,9,2020,219.644174957145,FC7A69CB-9773-4B44-BC67-85A7190B3A29,371266,371266_b,,b
282,371222_b,10,0.2199607670716954,High-density,371222,E00016910,E00016910,E01003336,401799,-0.042841901213356,51.4591275039981,RVcV7oQ8vUJPPE_1Nz8Nyw,51.4591332185145,-0.0428006421760255,4,2019,204.993544701065,C7943CC4-46E1-4B15-BCEF-F885EC623F84,371222,371222_b,,b
284,371270_b,10,0.2606535275001228,High-density,371270,E00016910,E00016910,E01003336,401851,-0.0435744046958311,51.4605673086077,FJa3zcWJfP8Xq-zSnEfj1w,51.4605846008885,-0.0435444338414279,7,2021,176.06982445427502,0CCA4367-2B0F-4DAD-BF02-75EA85D66A33,371270,371270_b,,b
286,371273_b,13,0.3690827781245672,Estates,371273,E00016910,E00016910,E01003336,401854,-0.0435382501264895,51.460028412548105,qGWO-IyaTd2DdEtfmzmohw,51.4600223600013,-0.0434769554731441,4,2021,175.597095203488,E8D452C3-6674-4802-A77A-2DD06BB51268,371273,371273_b,,b
288,782207_b,9,0.0182658598210644,Low-density,782207,E00020049,E00020049,E01003975,845567,-0.0745092005624284,51.4967730246945,FkSQ9rJfMNSFuu0qLlgCew,51.4968146400674,-0.0744942042794741,11,2020,167.346489603191,3C13F997-5C48-475E-8D79-7EB63AB9481D,782207,782207_b,,b
291,782178_b,10,0.2373937503731791,High-density,782178,E00020049,E00020049,E01003975,845536,-0.0749175999316047,51.4969725077576,KtfPsnr1qJ8lE4rOK3zYFA,51.4969965771481,-0.0748773521027099,2,2018,255.920022642773,83A41C71-4767-4F07-90D4-40A4721D46DE,782178,782178_b,,b
294,782204_b,4,0.0129362054678187,Low-density,782204,E00020049,E00020049,E01003975,845564,-0.0743047848157496,51.4970554149712,vYsCn_genrpvAk6OB3vnlA,51.4970623942756,-0.0742686011528396,11,2020,256.673470576709,FE533474-D5F8-4813-9CE4-5DC14CA086BF,782204,782204_b,,b
295,782209_b,10,0.0784116674617109,High-density,782209,E00020049,E00020049,E01003975,845570,-0.0741729861092469,51.496637408509,K_eUxgxfUle6Hgn9wGrhQg,51.4966395424769,-0.0741993114387163,4,2019,255.382379050575,CC7AB3BF-3AA6-4678-9E9C-D24930C94ADC,782209,782209_b,,b
297,782205_b,10,0.3323645269365889,High-density,782205,E00020049,E00020049,E01003975,845565,-0.0740228529018554,51.497092248265886,HqCnfQG_Sl0Rwsp5thl--A,51.4971220572046,-0.0740061292550898,11,2020,256.673470576709,FE533474-D5F8-4813-9CE4-5DC14CA086BF,782205,782205_b,,b
299,782179_b,4,0.001,Low-density,782179,E00020049,E00020049,E01003975,845537,-0.0746364715477967,51.4970116595169,kboguyoP151LqhS9rzxMPA,51.497019311843005,-0.0746847377858018,11,2020,255.915634563198,83A41C71-4767-4F07-90D4-40A4721D46DE,782179,782179_b,,b
302,782177_b,10,0.1452509415350349,High-density,782177,E00020049,E00020049,E01003975,845535,-0.0751987306783792,51.496933363231,AfTakekDPxYDqJP8Mvri8A,51.49694921666389,-0.075209010935074,4,2019,255.920022642773,83A41C71-4767-4F07-90D4-40A4721D46DE,782177,782177_b,,b
303,782208_b,4,0.3371423346046097,Low-density,782208,E00020049,E00020049,E01003975,845568,-0.0745648849245445,51.496949422965,x0vEmjLTYgq7ofiLAwjc3g,51.49692222340021,-0.0745335456259415,11,2020,255.915634563198,83A41C71-4767-4F07-90D4-40A4721D46DE,782208,782208_b,,b
308,798191_b,6,0.4380525418517228,Other green,798191,E00015376,E00015376,E01003051,862994,-0.104505973294982,51.4616907588293,UrVtGvADGFcA862Rg3bbQA,51.4616822518197,-0.10447487839858,3,2019,202.276263355833,469A14B3-D60A-4181-A1E7-B867F86B6365,798191,798191_b,,b
309,798188_b,1,0.0642086376046928,Open green space,798188,E00015376,E00015376,E01003051,862991,-0.104158047481248,51.4621844102009,QfAuzQoK0igqTFub0qIUBg,51.4621596970082,-0.10416335134258,5,2018,202.280321421523,469A14B3-D60A-4181-A1E7-B867F86B6365,798188,798188_b,,b
310,798178_b,4,0.001,Low-density,798178,E00015376,E00015376,E01003051,862981,-0.1035417536273399,51.463937417366296,9ncF14ciZrmqTeuGFG-aVw,51.4639404037359,-0.103540916573952,5,2018,185.31307731296903,469A14B3-D60A-4181-A1E7-B867F86B6365,798178,798178_b,,b
311,798184_b,13,0.001,Estates,798184,E00015376,E00015376,E01003051,862987,-0.103878512395446,51.462880264912606,-DHzgnvvtZ1ciyNjTthzdw,51.4628863511884,-0.1038065504613729,7,2021,190.93209714739496,469A14B3-D60A-4181-A1E7-B867F86B6365,798184,798184_b,,b
313,798182_b,13,0.2178256397667695,Estates,798182,E00015376,E00015376,E01003051,862985,-0.103754425928813,51.463231395838896,wmo0rCJWdlIVohrdNLVtww,51.463244615688495,-0.103691863769524,7,2021,190.96493913348,469A14B3-D60A-4181-A1E7-B867F86B6365,798182,798182_b,,b
314,798189_b,1,0.331967597334975,Open green space,798189,E00015376,E00015376,E01003051,862992,-0.1042740279138609,51.462019861057904,9U48vsxhsGWKTcwvcsXV6g,51.4620128827172,-0.1042456073030399,3,2019,202.276263355833,469A14B3-D60A-4181-A1E7-B867F86B6365,798189,798189_b,,b
315,798185_b,13,0.2921002937247591,Estates,798185,E00015376,E00015376,E01003051,862988,-0.103940554888941,51.4627046993853,l9GdzW-GEpoeQfyUXlfTQw,51.4627083717394,-0.103875176493429,7,2021,190.93209714739496,469A14B3-D60A-4181-A1E7-B867F86B6365,798185,798185_b,,b
316,798183_b,0,0.1349368239278963,Terraced,798183,E00015376,E00015376,E01003051,862986,-0.103816469408739,51.4630558303971,zP6w3UYhtcAe4v5ZUDWgrg,51.4630596757148,-0.103745873631875,4,2021,190.96493913348,469A14B3-D60A-4181-A1E7-B867F86B6365,798183,798183_b,,b
317,798190_b,1,0.3987247443928658,Open green space,798190,E00015376,E00015376,E01003051,862993,-0.10439000749938,51.4618553117871,o1f4jwHoDkyH31wqPFWoYQ,51.4618467269348,-0.104358763217984,3,2019,202.276263355833,469A14B3-D60A-4181-A1E7-B867F86B6365,798190,798190_b,,b
319,798192_b,1,0.1741939553385152,Open green space,798192,E00015376,E00015376,E01003051,862995,-0.104621932529066,51.46152620417229,DXYl7-_68ljam3C2djNvKw,51.46151914164111,-0.104588491139821,3,2019,202.276263355833,469A14B3-D60A-4181-A1E7-B867F86B6365,798192,798192_b,,b
320,798180_b,13,0.578135981176251,Estates,798180,E00015376,E00015376,E01003051,862983,-0.103630337489279,51.46358252659429,oGKWrfQQAuFw596iUa0STg,51.4635990074114,-0.1036085820445019,7,2021,190.96493913348,469A14B3-D60A-4181-A1E7-B867F86B6365,798180,798180_b,,b
323,358095_b,10,0.1362508295311597,High-density,358095,E00021555,E00021555,E01004280,387534,-0.0254215157262227,51.4933230840495,IhYTaoVZv12__ApLKERpWQ,51.4933136836645,-0.0254895910374852,9,2020,78.8182457897985,5B81215F-2B59-4CA5-BE1A-F32F644A9906,358095,358095_b,,b
325,358097_b,13,0.1253044195134312,Estates,358097,E00021555,E00021555,E01004280,387536,-0.0248901353228939,51.49345418331581,iihYho72R08IEYKcdQyd7A,51.4934898079883,-0.0248939637372883,4,2018,180.0,6B79A9E0-299C-433A-82F1-B7A90DD2BB8E,358097,358097_b,,b
326,358204_b,10,0.2882292622284264,High-density,358204,E00021555,E00021555,E01004280,387650,-0.0251793294809117,51.49314417963329,xFV7rtfzR0xaJ37xNXD4-w,51.4931504155414,-0.0252129786688122,3,2018,251.659052300315,B3CB76A4-0A61-4EA2-AD18-77DB0F1AE99B,358204,358204_b,,b
329,358202_b,10,0.0524758594777514,High-density,358202,E00021555,E00021555,E01004280,387648,-0.0257307818669449,51.49304027414821,Z7koOj3yijpBQ8J2Rep4jA,51.493029223879496,-0.0257634687361167,3,2018,251.65669884412495,B3CB76A4-0A61-4EA2-AD18-77DB0F1AE99B,358202,358202_b,,b
330,741005_b,6,0.0476152885150595,Other green,741005,E00021555,E00021555,E01004280,801062,-0.0249343767580698,51.494021387542105,9EZk_zQ6t5Sch9AzfFKoAw,51.494025092673,-0.0249168091687151,9,2020,174.20465458513405,57374AB7-746D-4FC8-9A7F-930B7C791513,741005,741005_b,,b
331,358099_b,13,0.0544804784077221,Estates,358099,E00021555,E00021555,E01004280,387538,-0.0246157407628422,51.4935323938725,Q2itJZfObuGV_khL4_Osiw,51.493495901580495,-0.0248946849359979,9,2020,180.0,6B79A9E0-299C-433A-82F1-B7A90DD2BB8E,358099,358099_b,,b
332,358203_b,10,0.4684777630655389,High-density,358203,E00021555,E00021555,E01004280,387649,-0.02545505644696,51.4930922281854,JJK5gNz3rNDfgtsFinGAuw,51.4930824415319,-0.0254968953998883,3,2018,251.65669884412495,B3CB76A4-0A61-4EA2-AD18-77DB0F1AE99B,358203,358203_b,,b
334,805900_b,10,0.2536941951354214,High-density,805900,E00015597,E00015597,E01003093,871441,-0.1219535350664619,51.4704315283424,KbW5YaL3crZ54FRI__n0Lw,51.4704142308648,-0.1218967372876169,9,2020,151.296664641227,26AD50B6-868F-41B8-8135-F7352006B156,805900,805900_b,,b
336,806413_b,10,0.1545277379246799,High-density,806413,E00015597,E00015597,E01003093,871998,-0.122301304846481,51.4703518222587,guWnBbCTCkT0cztQRfv6Vw,51.4703416310991,-0.1222646729406819,9,2020,145.62544975212,09F7A318-3761-441C-B1D6-E40DEC338C20,806413,806413_b,,b
337,806438_b,13,0.0415888336716728,Estates,806438,E00015597,E00015597,E01003093,872032,-0.12225405504362,51.470779798363104,oqb_GgX7wlXG1rEtlvslLg,51.47079314516851,-0.1222534820337119,9,2020,239.42077312751096,800B783C-22E9-4BD4-BF66-C0EE112C9C1D,806438,806438_b,,b
339,805919_b,13,0.0785990784494976,Estates,805919,E00015597,E00015597,E01003093,871462,-0.121877906241376,51.46986645526871,1Klk564M25wZ6Iiy65tCSg,51.4698321477571,-0.121911394489463,8,2020,236.14930675135895,EFB40591-AC82-4BB2-B0BA-740F66D44129,805919,805919_b,,b
342,805893_b,10,0.1602718261715783,High-density,805893,E00015597,E00015597,E01003093,871433,-0.122054688086266,51.4701137358173,m_SM1WDYssymwvppSenq3w,51.4700721586996,-0.122032385167225,9,2020,145.656349908783,09F7A318-3761-441C-B1D6-E40DEC338C20,805893,805893_b,,b
343,806425_b,10,0.4322597935272846,High-density,806425,E00015597,E00015597,E01003093,872012,-0.122438358839978,51.4705099316915,YrLGCA5QYmsf4Us-NrK0TA,51.4705374284571,-0.122434385844399,9,2020,150.101098161385,F12D8FF6-BB4F-4F68-9DAE-8167C7A0B43D,806425,806425_b,,b
345,806130_b,13,0.209051666927583,Estates,806130,E00015597,E00015597,E01003093,871692,-0.122287639319365,51.47084093932701,FNkBTlYWLW0dkyuLO1SSdQ,51.4708072604214,-0.122322609447735,9,2020,239.42077312751096,800B783C-22E9-4BD4-BF66-C0EE112C9C1D,806130,806130_b,,b
347,806426_b,13,0.389766635989797,Estates,806426,E00015597,E00015597,E01003093,872013,-0.122575413771244,51.4706680409696,pIGFagxmmQWExIqE9c6KzA,51.470704278589295,-0.1225389399172809,9,2020,284.036243467926,BA5CD2E9-4528-41A0-9E31-8EAB0645107B,806426,806426_b,,b
349,805899_b,10,0.2404763204931935,High-density,805899,E00015597,E00015597,E01003093,871440,-0.121821794995251,51.470271666825,PzAEomKK7xaKIZV3kaEo9Q,51.47025974829271,-0.121769132711577,3,2019,151.288774030033,26AD50B6-868F-41B8-8135-F7352006B156,805899,805899_b,,b
350,805894_b,10,0.3571679452819292,High-density,805894,E00015597,E00015597,E01003093,871434,-0.122211040231827,51.4702646990412,3LIQRAWegOABje4K2R8yEQ,51.4702723657441,-0.122200411329671,3,2019,145.62544975212,09F7A318-3761-441C-B1D6-E40DEC338C20,805894,805894_b,,b
354,806422_b,13,0.2261528800025314,Estates,806422,E00015597,E00015597,E01003093,872008,-0.122524569388085,51.4696103001098,CuCVn5RNeWnDoC8VRzCwnw,51.4695932245467,-0.1225185671121349,8,2020,236.140585835582,EFB40591-AC82-4BB2-B0BA-740F66D44129,806422,806422_b,,b
357,781915_b,13,0.3373058914486782,Estates,781915,E00020052,E00020052,E01003975,845250,-0.072049224336612,51.4967362690248,fn4tYIIf_NnbqC2WOynwuA,51.4967436060432,-0.0720329606162753,11,2020,255.96375653207295,E2685A20-6545-4FFF-86B6-E96EFE82B84C,781915,781915_b,,b
358,781926_b,6,0.2859012015236336,Other green,781926,E00020052,E00020052,E01003975,845263,-0.0716052396018088,51.49651669519261,T51OMbQ4HaLvLMF21sDSmw,51.4965053596764,-0.0715364104103262,11,2020,252.053248975531,2498F5E9-995F-4BD8-87E4-D458CCE12E0C,781926,781926_b,,b
359,782249_b,10,0.2464470121271665,High-density,782249,E00020052,E00020052,E01003975,845617,-0.0732900343480953,51.4959328246103,UswkU21RC2C4-tPr04sk5A,51.4959544731189,-0.0732637296029281,2,2018,162.637393746817,2E09D1E4-0D93-4ADD-9A5B-6ED3A2260A70,782249,782249_b,,b
361,781923_b,13,0.1776493644773409,Estates,781923,E00020052,E00020052,E01003975,845259,-0.0718564249855563,51.49688123708261,YPkVx_zxOfua3upB3RzzEQ,51.4968683208743,-0.0718572793728924,11,2020,216.027373385104,BAA3D838-538B-4450-9270-A6370E85C450,781923,781923_b,,b
363,781931_b,13,0.1231554638225402,Estates,781931,E00020052,E00020052,E01003975,845269,-0.0719372478550914,51.4962611542165,5GigPsmAm_WCkhFZSEZDGQ,51.4962853442906,-0.0719133702783127,11,2020,167.5842015713,35ED12FC-D8AD-449A-86CC-0607ABFAA04F,781931,781931_b,,b
364,781911_b,13,0.2775665873852443,Estates,781911,E00020052,E00020052,E01003975,845246,-0.0724646473296515,51.4963637778768,EEpYwD-v-KYBg2WQtQlduA,51.4960702802258,-0.0723222258762001,11,2020,262.874983651098,C333A443-B2FB-4C5A-83BB-1262D14AB168,781911,781911_b,,b
365,781914_b,10,0.4735519428206608,High-density,781914,E00020052,E00020052,E01003975,845249,-0.0723304056452376,51.496697270866896,w7kqEZfn4q5s5Ko_skjqNQ,51.4966962787888,-0.0723239373338529,2,2018,255.96375653207295,E2685A20-6545-4FFF-86B6-E96EFE82B84C,781914,781914_b,,b
369,781930_b,10,0.6273413054760679,High-density,781930,E00020052,E00020052,E01003975,845268,-0.0718827452782379,51.49608461239,K1NE2Cp_8gX4jvl2DHRjRA,51.4961070521984,-0.0718520057862738,11,2020,167.5842015713,35ED12FC-D8AD-449A-86CC-0607ABFAA04F,781930,781930_b,,b
371,781929_b,4,0.001,Low-density,781929,E00020052,E00020052,E01003975,845267,-0.0717084373765074,51.4964655926247,-FWvVqAqHBVFObEXwb-odA,51.4964398760995,-0.0717550549283033,11,2020,252.003370994053,2498F5E9-995F-4BD8-87E4-D458CCE12E0C,781929,781929_b,,b
372,781944_b,9,0.001,Low-density,781944,E00020052,E00020052,E01003975,845282,-0.0702827112539935,51.496404209323,qIOpi0yZrIzBgMoLDry__w,51.4964396454521,-0.0702780232418043,11,2020,164.612863605708,17F46036-9FFF-4E15-867E-72EB472EC86E,781944,781944_b,,b
375,781925_b,13,0.4538583900491001,Estates,781925,E00020052,E00020052,E01003975,845262,-0.0717845007084316,51.496646611738605,nPmf-mHgZj4NHRZ95pzPAg,51.4966361946516,-0.071711313054239,11,2020,119.333674628559,4B81BE56-87DA-45AB-AF22-EC39932AD41B,781925,781925_b,,b
378,781942_b,10,0.2587755508811905,High-density,781942,E00020052,E00020052,E01003975,845280,-0.0707344524164693,51.4966273448471,UB_h54u6RlVeURPnnqBXzw,51.496664371245295,-0.0707320599474358,11,2020,126.846025826701,EFEF06B8-F5EA-43E1-866E-A22F19F21C05,781942,781942_b,,b
381,782253_b,13,0.0324892179743336,Estates,782253,E00020052,E00020052,E01003975,845622,-0.0729252319991011,51.49578060802939,74IAyB4Rs7aWHQI7RKDVtw,51.4957941282663,-0.0729692579057564,11,2020,261.869897645844,6F7BFBB6-6A08-4062-AC55-67B81722A1CC,782253,782253_b,,b
383,781936_b,13,0.6420926147560897,Estates,781936,E00020052,E00020052,E01003975,845274,-0.0714769754896755,51.4962473830795,9kcWEmI0VUa_bc2RRjl2dw,51.4962526929998,-0.0714137738153068,11,2020,162.85256013758,87B99F10-57A7-40CE-AA14-D449D06061D1,781936,781936_b,,b
384,781912_b,13,0.2180561676483685,Estates,781912,E00020052,E00020052,E01003975,845247,-0.0721806683384027,51.4963938506123,07OBq0ADICOHssR9EIaQXg,51.4963652763834,-0.0719324749087238,11,2020,258.86255806208,D5B485ED-96A4-462B-95F3-888471529051,781912,781912_b,,b
387,780723_b,10,0.2586304641022234,High-density,780723,E00020195,E00020195,E01004013,843948,-0.0734193393339051,51.4756608653599,NZmnelhEJe55Eqk_asTMsA,51.4756679726763,-0.0733440492415585,8,2020,164.604450746005,136C5135-1F75-4D7A-93AE-62CE72EC68A3,780723,780723_b,,b
390,780725_b,9,0.2560797265153803,Low-density,780725,E00020195,E00020195,E01004013,843950,-0.0735575525894183,51.476009934113705,gyTFQ-_uituBqCAFPLvVNQ,51.4760257311695,-0.0734614350406412,8,2020,164.604450746005,136C5135-1F75-4D7A-93AE-62CE72EC68A3,780725,780725_b,,b
393,780724_b,9,0.001,Low-density,780724,E00020195,E00020195,E01004013,843949,-0.0734884457061827,51.475835399756896,pyPNKDiPnMhu2LI9CxDanw,51.475844767357295,-0.073403049515703,8,2020,164.604450746005,136C5135-1F75-4D7A-93AE-62CE72EC68A3,780724,780724_b,,b
395,377695_b,9,0.1368434574187712,Low-density,377695,E00020195,E00020195,E01004013,408808,-0.0735076879710792,51.4766031724554,NiGi-kjHudIiDwVFjNrm5Q,51.4766055857996,-0.0734981370279703,2,2018,254.32047587758095,D3551847-0C5C-4AF4-9302-9D03206B59CD,377695,377695_b,,b
399,741164_b,10,0.2854300872167575,High-density,741164,E00021553,E00021553,E01004280,801235,-0.0246377837452835,51.4973060705313,o1MB07ppJyadi5m70jgf7g,51.497307789437,-0.0246094140326929,3,2018,175.17478307302505,E8CDE2C3-57FB-4D78-B31D-550081929EA2,741164,741164_b,,b
402,741036_b,9,0.001,Low-density,741036,E00021553,E00021553,E01004280,801095,-0.0231361511105402,51.4960592220634,AapLhuQJQD_JpU5TqZ4MjQ,51.496393345858,-0.0231002785516864,4,2018,264.999355402442,07CF4E68-55E2-4580-9617-B2140ECF3708,741036,741036_b,,b
404,741056_b,0,0.3678634883445101,Terraced,741056,E00021553,E00021553,E01004280,801116,-0.0249149786195222,51.4963311957219,BaxIurDsgH2nJReaBMu9nw,51.4963454252563,-0.0249188803939459,4,2018,267.137594773888,F6FC44C7-DCCB-47A0-830E-B63897175537,741056,741056_b,,b
406,741055_b,14,0.0733724795439921,Low-density,741055,E00021553,E00021553,E01004280,801115,-0.0252028870848805,51.4963263161746,81r0tEZ-hjIaby2qDaFzew,51.496338470571786,-0.0251950094187898,4,2018,265.094743229872,F6FC44C7-DCCB-47A0-830E-B63897175537,741055,741055_b,,b
408,741160_b,10,0.2900055944406368,High-density,741160,E00021553,E00021553,E01004280,801231,-0.0238319508143619,51.49714825097161,8yT-kc9zyhYJJ5kZ0PGxcQ,51.4968949194203,-0.0238121394618699,3,2018,266.203948373518,684F4EC5-2E9B-4BCE-8968-5A91F35732BC,741160,741160_b,,b
409,741159_b,14,0.001,Low-density,741159,E00021553,E00021553,E01004280,801230,-0.0235441915480004,51.49715616630861,2rjdrRa37sj4k_9EEVCEUA,51.4969037371267,-0.0234260445892242,4,2019,266.203948373518,684F4EC5-2E9B-4BCE-8968-5A91F35732BC,741159,741159_b,,b
411,741161_b,14,0.0400531011222925,Low-density,741161,E00021553,E00021553,E01004280,801232,-0.0241197110907508,51.49714035035949,2qALx_MLMiV4J8Bjxpg42Q,51.49688899777289,-0.0241463412452475,4,2019,266.203948373518,684F4EC5-2E9B-4BCE-8968-5A91F35732BC,741161,741161_b,,b
413,741060_b,10,0.2949820278418843,High-density,741060,E00021553,E00021553,E01004280,801121,-0.0237293443308769,51.49636162004128,4wf4poSBZvK5TBC-7X1W6Q,51.4963754935717,-0.0237605151088595,9,2020,264.999355402442,07CF4E68-55E2-4580-9617-B2140ECF3708,741060,741060_b,,b
414,741059_b,10,0.440234324082892,High-density,741059,E00021553,E00021553,E01004280,801120,-0.0240168546110759,51.4963507878022,ulF8ImUzA3u-wxqDJQxoVQ,51.4963690200953,-0.0240494338583219,9,2020,267.137594773888,F6FC44C7-DCCB-47A0-830E-B63897175537,741059,741059_b,,b
416,741086_b,10,0.3693808032278368,High-density,741086,E00021553,E00021553,E01004280,801149,-0.0239400460616272,51.496891610623,D_u8x2nevi1y7fH05G0lRA,51.4968863848658,-0.023984111938402,9,2020,266.203948373518,684F4EC5-2E9B-4BCE-8968-5A91F35732BC,741086,741086_b,,b
417,741032_b,9,0.3859652812605231,Low-density,741032,E00021553,E00021553,E01004280,801090,-0.0230931162431043,51.4958802281864,K_M7ksvkEXtIIM7p2Cp8gw,51.4963858287477,-0.0229971060458753,4,2019,267.614055969611,95E45F6D-05EE-4806-902A-B430DBB75A92,741032,741032_b,,b
420,741057_b,13,0.4182738747798036,Estates,741057,E00021553,E00021553,E01004280,801117,-0.0246270212025974,51.4963353268108,Wwa_6HXfolISN9F5fTErMw,51.496353101776506,-0.0246388163684568,9,2020,267.137594773888,F6FC44C7-DCCB-47A0-830E-B63897175537,741057,741057_b,,b
422,741021_b,6,0.001,Other green,741021,E00021553,E00021553,E01004280,801079,-0.0257779635934702,51.496305241325,SZkbD9hOwhapFVQ49OovBw,51.4963475804313,-0.0257094424739901,9,2020,173.917525472164,5F0288A6-2CDA-49C1-8DF8-508100207FB5,741021,741021_b,,b
423,741065_b,4,0.1811475216637753,Low-density,741065,E00021553,E00021553,E01004280,801127,-0.0228619265039445,51.496386079859896,c3-Hdqt28mF3MEN0BseMdw,51.4964003683385,-0.0228626352628915,9,2020,267.614055969611,95E45F6D-05EE-4806-902A-B430DBB75A92,741065,741065_b,,b
424,741085_b,10,0.2994396987394405,High-density,741085,E00021553,E00021553,E01004280,801148,-0.0236522310892899,51.496898667507104,IH8tPzNeCAYY5iNyvlUR0w,51.496899679018895,-0.0236700503423339,3,2018,266.203948373518,684F4EC5-2E9B-4BCE-8968-5A91F35732BC,741085,741085_b,,b
425,791299_b,13,0.1081760968492535,Estates,791299,E00019826,E00019826,E01003940,855484,-0.0872006829634977,51.4967475054408,n5FFNWRjHRLSuSHZ4JdaRw,51.496759899189605,-0.0871730505134654,4,2019,146.298160175117,28434211-285F-4A2D-9D70-1D62E2F838F3,791299,791299_b,,b
427,791298_b,10,0.3301806965170579,High-density,791298,E00019826,E00019826,E01003940,855483,-0.0873541605011598,51.49689964780729,Nwpr6fTI58ZBzs4EJts6Yw,51.4969068514604,-0.0873172239804028,5,2021,232.422264638672,FCEC6A66-D696-4482-B915-7E13375BDBA0,791298,791298_b,,b
428,791271_b,10,0.3005604514182523,High-density,791271,E00019826,E00019826,E01003940,855452,-0.0870292256643187,51.496425755692215,_fReKdvLUyZb-POlccxW4A,51.4964529405989,-0.0869721140471952,11,2020,104.725482754812,3B15EF5D-C9B3-41DD-89A2-9E75170B5E00,791271,791271_b,,b
429,791293_b,10,0.2489861975255843,High-density,791293,E00019826,E00019826,E01003940,855478,-0.0875662433867123,51.4968031827047,r4YaSBCE64SmRi7XpxZ3Qw,51.4967869704373,-0.0875389613311075,5,2021,232.416789370468,FCEC6A66-D696-4482-B915-7E13375BDBA0,791293,791293_b,,b
433,791254_b,9,0.312382692690483,Low-density,791254,E00019826,E00019826,E01003940,855435,-0.0876544212995031,51.4965417902541,s3MfjQWBxxxWbyOaECEDVA,51.49656919139712,-0.0876428382703416,11,2020,148.37109164496,1AB44DFF-4710-42C4-956A-4C2D1ED6244B,791254,791254_b,,b
436,791295_b,10,0.5232371579552844,High-density,791295,E00019826,E00019826,E01003940,855480,-0.0881897043995797,51.497063068644295,25woUKUXlX2dwobuP1xJUQ,51.4970555356966,-0.0881489884619291,11,2020,144.819969120378,FED9FDB4-5E79-4517-A74B-81F6E01A79A6,791295,791295_b,,b
437,791270_b,10,0.4308599807721229,High-density,791270,E00019826,E00019826,E01003940,855451,-0.0871964773250034,51.4965582714924,-8dfBE29Yw98yAEO6HQpow,51.4966003932339,-0.0871979082094688,4,2019,151.597653307623,3B15EF5D-C9B3-41DD-89A2-9E75170B5E00,791270,791270_b,,b
439,662774_b,10,0.2565634696781238,High-density,662774,E00015192,E00015192,E01003015,716562,-0.113623209033223,51.49543900522721,0xoES4Y58ZPaminc77ND9Q,51.4954190472342,-0.113586603166454,11,2020,226.550950844172,B20E03E1-A152-42EC-B44D-3A1A59452DEB,662774,662774_b,,b
441,662772_b,10,0.1289116747437764,High-density,662772,E00015192,E00015192,E01003015,716560,-0.113835103344938,51.4957733793676,R2-1HnYOY0EXkYdhOFXf2w,51.4957686078425,-0.113793308450748,11,2020,156.944170238424,91C28921-20B2-461C-8F72-B82426EA59A5,662772,662772_b,,b
442,663442_b,10,0.4792848958840601,High-density,663442,E00015192,E00015192,E01003015,717290,-0.114325923388264,51.4954713353103,hVN28m8PTrxR3yuofPNjDA,51.4955025097955,-0.114339852972118,11,2020,158.47739989438298,D1B2BCBE-742E-46EA-AE2B-C6275B3EAAA1,663442,663442_b,,b
445,662773_b,10,0.4407860230604878,High-density,662773,E00015192,E00015192,E01003015,716561,-0.113729165107425,51.4956061900395,acB5t-6x8XBWDXJYSffGYw,51.4955778994081,-0.1136603977857299,11,2020,156.97731001542,91C28921-20B2-461C-8F72-B82426EA59A5,662773,662773_b,,b
447,663443_b,10,0.4886757087016631,High-density,663443,E00015192,E00015192,E01003015,717291,-0.114227196953199,51.495302434994,7-Zz_85hzKW2dPAGyjP1rw,51.4952750945998,-0.11419074213825,11,2020,158.491803383193,D1B2BCBE-742E-46EA-AE2B-C6275B3EAAA1,663443,663443_b,,b
449,662760_b,10,0.2905500589822585,High-density,662760,E00015192,E00015192,E01003015,716548,-0.1135727088653769,51.4953593676933,d_M2D92y-xb2gmXesy2JEQ,51.49537045342539,-0.113589453253411,11,2020,226.550950844172,B20E03E1-A152-42EC-B44D-3A1A59452DEB,662760,662760_b,,b
453,663441_b,10,0.3083549058709577,High-density,663441,E00015192,E00015192,E01003015,717289,-0.114424640105223,51.4956402379275,AeSqa9HhGuccLOlP-uvyKA,51.4956006065266,-0.114389021063418,11,2020,158.481390682542,D1B2BCBE-742E-46EA-AE2B-C6275B3EAAA1,663441,663441_b,,b
454,663454_b,13,0.2990347376234001,Estates,663454,E00015192,E00015192,E01003015,717305,-0.114236320562956,51.49581663441551,2KJu4lntZ3CBLx4EAizcBg,51.49581416888471,-0.114189720165898,3,2019,247.319440392975,B8204FD8-1731-4B5E-BF65-C6ED19C3EB41,663454,663454_b,,b
455,780716_b,10,0.3885937957575244,High-density,780716,E00020202,E00020202,E01004013,843941,-0.0739726244087073,51.4750257289444,XWLM2H7nRTFJ3egQKzkEQA,51.4750592118796,-0.0739110580341082,2,2018,184.953257478019,0A322C42-A382-4AEF-A213-F3F1A717481E,780716,780716_b,,b
458,780706_b,9,0.2789570222309637,Low-density,780706,E00020202,E00020202,E01004013,843931,-0.0747441428814852,51.47522027048139,tl9lT3ytq5X_a7BurIA7Vw,51.4752666561115,-0.0744292981028495,4,2021,252.25532837501203,664E4CFE-33A3-46C6-8182-0B6D8AAB5FD4,780706,780706_b,,b
459,780715_b,9,0.1031816945387402,Low-density,780715,E00020202,E00020202,E01004013,843940,-0.074005016358161,51.474847079972896,JnYrPtk1Y_OmSE372dsfag,51.4749655036762,-0.073915822100165,2,2018,184.953257478019,0A322C42-A382-4AEF-A213-F3F1A717481E,780715,780715_b,,b
460,780718_b,13,0.0176851095553957,Estates,780718,E00020202,E00020202,E01004013,843943,-0.0739317169838534,51.47525054453071,9uCviXeQ_cT2X1XI0gD9PA,51.4752525811376,-0.0739960612595145,4,2021,273.270487923184,664E4CFE-33A3-46C6-8182-0B6D8AAB5FD4,780718,780718_b,,b
462,780719_b,9,0.001,Low-density,780719,E00020202,E00020202,E01004013,843944,-0.0736470303418034,51.4752773477946,2UbJID70_OkZ6lIc3gyLJg,51.47525180569139,-0.0736991767255398,4,2021,259.919402012458,6E66FF67-B345-4AD4-881A-F329F1814768,780719,780719_b,,b
465,377829_b,10,0.5914357033767758,High-density,377829,E00020202,E00020202,E01004013,408957,-0.0730295226109299,51.4753494823662,FZ3EIAYLc2n95D3cGnkf6A,51.47534230710421,-0.0730534744786731,4,2021,255.004920870824,55FD9F62-B01D-4010-84DC-E0D5B3AE28AD,377829,377829_b,,b
467,780695_b,13,0.2733234759412892,Estates,780695,E00020202,E00020202,E01004013,843918,-0.0750204583512095,51.4751697752707,GJdrolz9LA34x75qwzg4Sw,51.4750306584811,-0.0749509257955014,4,2021,169.75441624816298,37388D12-F1FF-4FA0-9C7A-54B3D8AB5C60,780695,780695_b,,b
471,780702_b,13,0.4764403901614443,Estates,780702,E00020202,E00020202,E01004013,843926,-0.0749824033282919,51.47457862585,9_sR5yf5j694famrWISOBQ,51.474574984819405,-0.0749107686492576,8,2020,185.853570164277,37388D12-F1FF-4FA0-9C7A-54B3D8AB5C60,780702,780702_b,,b
473,780708_b,9,0.3393656534079957,Low-density,780708,E00020202,E00020202,E01004013,843933,-0.074182175807917,51.47526361578521,Lf8l9-ne0K5YrsbeVaG6eA,51.475263788833,-0.0741463677846476,2,2018,273.270487923184,664E4CFE-33A3-46C6-8182-0B6D8AAB5FD4,780708,780708_b,,b
475,377827_b,10,0.1643108708699426,High-density,377827,E00020202,E00020202,E01004013,408955,-0.0724695931389129,51.475433347427504,8NDFhXAfEW_Vq6NQKIOhig,51.4754154008058,-0.0725537081794542,4,2021,255.004920870824,55FD9F62-B01D-4010-84DC-E0D5B3AE28AD,377827,377827_b,,b
477,377849_b,6,0.1474659643555744,Other green,377849,E00020202,E00020202,E01004013,408979,-0.0721488949381363,51.4741783484536,DDDG-KApA_YsSM-_YocGBQ,51.47433718490851,-0.0719127900008807,2,2018,183.02413544995,81A9D703-B7E4-4D46-B044-84B4CCE25213,377849,377849_b,,b
480,377689_b,9,0.0779920001778358,Low-density,377689,E00020202,E00020202,E01004013,408801,-0.0728099237108063,51.476342335704,iIfOfGFYYsorETUyj4Esrw,51.4763159989025,-0.0728026336276318,8,2020,165.48894049983102,DA9DFD91-5307-4A78-9940-2663EE84C4DE,377689,377689_b,,b
481,377859_b,13,0.2959275956332133,Estates,377859,E00020202,E00020202,E01004013,408989,-0.0717438680976341,51.47436514318,70tW0c974-5I6POdezxXQQ,51.474350128669386,-0.0717187051265712,5,2018,260.706691400603,6951A170-4D4A-49AA-AC0E-F7131CB43F62,377859,377859_b,,b
483,805932_b,13,0.09973057240164,Estates,805932,E00171522,E00171522,E01003093,871478,-0.120918526210002,51.4707312119486,rNY0nJbdJUaCi9sl9KjMSw,51.470740334675,-0.120925619059933,2,2018,150.154068050313,B5ED62EF-374C-4610-8C79-BDA031C0B22C,805932,805932_b,,b
484,805942_b,0,0.2567557540269169,Terraced,805942,E00171522,E00171522,E01003093,871488,-0.120701699233718,51.4695967148682,jPAiFoyjLOLGh_eyif4XwQ,51.4695952832133,-0.120683023686594,8,2020,238.340965656545,4A0DB7C5-B5C5-46BB-BAAB-572785FC781F,805942,805942_b,,b
485,805928_b,10,0.3516262138658463,High-density,805928,E00171522,E00171522,E01003093,871474,-0.1209242138315219,51.4695158660122,VPcz-QpyfDXj0kicqRbdkQ,51.4695064628925,-0.120928784550505,8,2020,238.356837717859,4A0DB7C5-B5C5-46BB-BAAB-572785FC781F,805928,805928_b,,b
487,805907_b,13,0.2002113265888809,Estates,805907,E00171522,E00171522,E01003093,871448,-0.1212461536809509,51.4690646213324,5d_1jH6XHvA31zZvVr4byA,51.4694468964526,-0.121097818641829,8,2020,238.356837717859,4A0DB7C5-B5C5-46BB-BAAB-572785FC781F,805907,805907_b,,b
489,798100_b,10,0.2950712542509329,High-density,798100,E00015377,E00015377,E01003051,862896,-0.1075538546174119,51.4632490329385,TLpRhsPKddax0PIkWfdpfw,51.4632815029598,-0.107505459386553,3,2018,148.878520120413,C094A7AB-1830-442C-BC7D-C1234A017F95,798100,798100_b,,b
491,798298_b,15,0.3674044513622597,Commercial,798298,E00015377,E00015377,E01003051,863110,-0.110595265895615,51.4622683765718,1_sUX8D6tapQpjveT0m0Jw,51.4622757371313,-0.110577028838942,7,2021,241.073574164746,493424AE-F79A-458B-9100-F2B9498EA147,798298,798298_b,,b
492,798124_b,10,0.183015577362036,High-density,798124,E00015377,E00015377,E01003051,862925,-0.103885713706848,51.4644486422973,3QjuSIycQhLCv8SSWSO01A,51.4644430455759,-0.10384707356562,5,2018,240.84715009942,78324B92-B9A1-4F57-B0A2-C9D50EB45859,798124,798124_b,,b
496,798309_b,10,0.1509226774352345,High-density,798309,E00015377,E00015377,E01003051,863123,-0.109469026372766,51.4635377779341,NCWHDCD9YuXB3L18HxZoxg,51.46353190910961,-0.109465077619688,5,2021,252.80717613701304,1C9D2BB2-A46B-4A36-8840-4B18E5DDA140,798309,798309_b,,b
498,798332_b,15,0.4032624356856116,Commercial,798332,E00015377,E00015377,E01003051,863149,-0.108021345017549,51.4629271815388,bOoFfMxNypT5KOB7kt3fbQ,51.46294200457361,-0.108039166029308,5,2021,248.7440043404769,808C7B1C-3785-4110-B534-66FF72FE0643,798332,798332_b,,b
499,798336_b,15,0.4480510119042652,Commercial,798336,E00015377,E00015377,E01003051,863153,-0.1091047171943109,51.4626837898253,p-_iY2288IHji7mT41gOHg,51.462688720794,-0.109112877196681,3,2019,243.904575842612,E820D18C-7794-480A-8D6C-596751B0D03E,798336,798336_b,,b
500,798099_b,6,0.1286352625778857,Other green,798099,E00015377,E00015377,E01003051,862895,-0.1074122380105069,51.4630925274326,caxKAdOr060UB-0daGY2fw,51.4631132885499,-0.107408928272482,5,2021,239.51105949878504,41132483-5892-4B55-B0F0-DDCA26AB9C77,798099,798099_b,,b
501,798334_b,15,0.1725249288794402,Commercial,798334,E00015377,E00015377,E01003051,863151,-0.108563049073011,51.4628055157014,l3xss2YtZDJvH6avQV4Owg,51.46281691288471,-0.1085474675979149,5,2021,248.73412309752496,808C7B1C-3785-4110-B534-66FF72FE0643,798334,798334_b,,b
502,798057_b,10,0.3876191003138675,High-density,798057,E00015377,E00015377,E01003051,862850,-0.108457183792403,51.4634168680443,yQ4GO1Ds3xIUun8O9EZ8Pg,51.46342822163511,-0.1084929925473119,9,2020,125.842792510678,71450852-EE3D-4C09-889F-21B8EAA4C0FA,798057,798057_b,,b
503,798335_b,15,0.4021403931978865,Commercial,798335,E00015377,E00015377,E01003051,863152,-0.108833883486914,51.4627446530803,aRUbe_fmg_3VBYsbXFkSDw,51.4627549500198,-0.1088203771650309,5,2021,248.73412309752496,808C7B1C-3785-4110-B534-66FF72FE0643,798335,798335_b,,b
504,798274_b,0,0.0278496507828057,Terraced,798274,E00015377,E00015377,E01003051,863085,-0.1112254767950159,51.4620684576529,ezA06Y6IG3DvfRGB3qLL_g,51.4620692410449,-0.1112227079390969,5,2021,241.068399116762,493424AE-F79A-458B-9100-F2B9498EA147,798274,798274_b,,b
505,798101_b,15,0.6267095970499922,Commercial,798101,E00015377,E00015377,E01003051,862897,-0.1076824096895809,51.4634098960903,tmFNT8SN5BWFv61DbVww0Q,51.4634310887971,-0.107640685841407,3,2018,151.9918505583,C094A7AB-1830-442C-BC7D-C1234A017F95,798101,798101_b,,b
508,798059_b,0,0.075370574636288,Terraced,798059,E00015377,E00015377,E01003051,862852,-0.1079995615463659,51.463198717003294,NrOl7FbOwGA6YClnRhjJdw,51.4631858322072,-0.1080068049489969,4,2021,142.204781621979,71450852-EE3D-4C09-889F-21B8EAA4C0FA,798059,798059_b,,b
509,798123_b,15,0.4565534833466623,Commercial,798123,E00015377,E00015377,E01003051,862924,-0.103631815843434,51.46453305888021,8sqEziNOzy4x_uppBrZlXg,51.464539197229904,-0.103600790774779,7,2021,240.84715009942,78324B92-B9A1-4F57-B0A2-C9D50EB45859,798123,798123_b,,b
510,806391_b,10,0.2425850675123916,High-density,806391,E00015598,E00015598,E01003093,871975,-0.123363983832017,51.47003674061961,SFtbB1UwW0p30ps_QYK5SQ,51.4700422317921,-0.1233668706616349,3,2018,143.063246165697,CF578AB7-D2A9-4670-BFC2-9340C8A665A7,806391,806391_b,,b
511,806371_b,10,0.2201094498619671,High-density,806371,E00015598,E00015598,E01003093,871954,-0.124245583507389,51.4699794297112,x5ZCvXfWU1hhIogAllADHw,51.470006223047896,-0.12422353946724,2,2018,140.99516852451,C72120CF-5874-4B9D-BADA-070F514E3DD0,806371,806371_b,,b
513,806129_b,10,0.2106365179879022,High-density,806129,E00015598,E00015598,E01003093,871691,-0.122122898752638,51.47097624251821,2iYrHNtzJaIidjIVLponzw,51.4709631781464,-0.122149955906049,3,2019,201.387048811281,87A20E71-F52D-4D6B-9C5C-B348E84B23E7,806129,806129_b,,b
514,806390_b,9,0.001,Low-density,806390,E00015598,E00015598,E01003093,871974,-0.12353102576991,51.4701831695189,WSZFKly9MrhGMyjnocj_pQ,51.4701821677581,-0.123529448561433,3,2018,143.063246165697,CF578AB7-D2A9-4670-BFC2-9340C8A665A7,806390,806390_b,,b
515,806373_b,0,0.1681313047480503,Terraced,806373,E00015598,E00015598,E01003093,871956,-0.123914244016509,51.4696876108856,VCtDMulzbP7dzM-JB5r-Vw,51.4696944097672,-0.123863657144079,5,2021,158.428692808745,C72120CF-5874-4B9D-BADA-070F514E3DD0,806373,806373_b,,b
518,782237_b,15,0.195550461121491,Commercial,782237,E00020045,E00020045,E01003975,845604,-0.0734451678901355,51.4980489174154,t8SliPJKkeoPNCcSu3IheQ,51.4980743535336,-0.0734805127137012,11,2020,259.432882102007,E16AC62D-49C1-49EA-AD2E-11C7C3446647,782237,782237_b,,b
522,781108_b,6,0.001,Other green,781108,E00020385,E00020385,E01004050,844360,-0.0840188478056215,51.4671785648429,I6Ch7Czas7FkcP5lgAU3sQ,51.467198592164,-0.0839759744148263,9,2020,241.11936688363,E2A59EDD-1A1A-4B4F-B539-F06FD4E04A44,781108,781108_b,,b
524,371205_b,13,0.4429749631988113,Estates,371205,E00016912,E00016912,E01003336,401781,-0.0439656462950199,51.4581892094918,tVtDzco0llmTf8Ofd4ywrg,51.4581634326004,-0.0439675079502515,2,2018,195.23649198753003,7C315567-62D1-4BB0-97E1-13D59ECDE9DD,371205,371205_b,,b
525,371204_b,13,0.0276285242381354,Estates,371204,E00016912,E00016912,E01003336,401780,-0.0438767086929109,51.458360198916,szbgsFcmAiK-gbzU8_EwHQ,51.45834105208061,-0.0438775002142779,5,2018,196.470877739783,5EA0A6BB-556F-46A2-9697-97912B44BCB0,371204,371204_b,,b
526,372385_b,13,0.3689367970845973,Estates,372385,E00016912,E00016912,E01003336,403041,-0.043988183601787,51.4581458795547,D4twa0sUSorp0elgq29MgQ,51.4581328937611,-0.0439843551248077,3,2019,195.23649198753003,7C315567-62D1-4BB0-97E1-13D59ECDE9DD,372385,372385_b,,b
529,371250_b,4,0.6244058347505717,Low-density,371250,E00016912,E00016912,E01003336,401828,-0.0435193844622052,51.4597472094122,c_pPFvzMr2yix5kkqz71WA,51.4597521215638,-0.0434940565476467,4,2021,175.597095203488,E8D452C3-6674-4802-A77A-2DD06BB51268,371250,371250_b,,b
531,371229_b,4,0.3534276737880609,Low-density,371229,E00016912,E00016912,E01003336,401807,-0.0441389404610988,51.4589940488564,sq3mbKFFkrZnU3Rtagt9RA,51.4590077105736,-0.0441289453376154,8,2020,105.274225484107,DF5D9485-8128-45E8-8B85-53F473EFE9E1,371229,371229_b,,b
532,371274_b,13,0.0633713454907082,Estates,371274,E00016912,E00016912,E01003336,401855,-0.0435261987544125,51.4598487805174,8ekPfNBS4Ap9I9929lU1vw,51.4598387617037,-0.0434699647945219,4,2021,175.597095203488,E8D452C3-6674-4802-A77A-2DD06BB51268,371274,371274_b,,b
540,371251_b,10,0.042446744596799,High-density,371251,E00016912,E00016912,E01003336,401829,-0.0435049611559541,51.4595676456004,-giOez9d3e3DcLVvx_f-Rg,51.4595589825832,-0.0435001028612993,4,2021,175.607644615093,E8D452C3-6674-4802-A77A-2DD06BB51268,371251,371251_b,,b
542,662787_b,13,0.3107996687738542,Estates,662787,E00015169,E00015169,E01003015,716576,-0.113501790330973,51.4946158255867,_vVJ7c4KJ6GntkS3oD-1EA,51.4945916599164,-0.113484006026257,11,2020,127.303948277983,1D758DCB-CA42-454D-9752-A8CB06BF6BC4,662787,662787_b,,b
544,662791_b,10,0.3756204411326578,High-density,662791,E00015169,E00015169,E01003015,716581,-0.112369802812964,51.4939692714439,k8NI7-AAM9s8b4mDmO8cCw,51.493975501973495,-0.112356748604903,11,2020,127.454597537601,FF99A0A3-3B5E-48CF-B3A4-04FB8EAAC2B1,662791,662791_b,,b
545,662782_b,10,0.4675771951607712,High-density,662782,E00015169,E00015169,E01003015,716571,-0.1133458785467149,51.4944509690807,0r4UNOJX_wd2zG3g1olNig,51.4944631778344,-0.1133490259671919,8,2020,127.303948277983,1D758DCB-CA42-454D-9752-A8CB06BF6BC4,662782,662782_b,,b
546,662781_b,10,0.2765092806075594,High-density,662781,E00015169,E00015169,E01003015,716570,-0.113570411740041,51.49456357885581,i-YQVntiVoLIIC2Eo_ktYw,51.4945721742817,-0.1135684564275689,8,2020,127.303948277983,1D758DCB-CA42-454D-9752-A8CB06BF6BC4,662781,662781_b,,b
548,662792_b,10,0.11971137515941,High-density,662792,E00015169,E00015169,E01003015,716582,-0.112145714832738,51.4938563189714,m9YvrU3LkU_fnQzvQBFAug,51.49385833389029,-0.112128784985796,7,2021,128.657012110441,FF99A0A3-3B5E-48CF-B3A4-04FB8EAAC2B1,662792,662792_b,,b
549,662751_b,1,0.2081826469271088,Open green space,662751,E00015169,E00015169,E01003015,716539,-0.1140378713229319,51.49364574423579,A5FvrEdrBYrSMTQVQXAQ-A,51.493650466394,-0.1140026709136859,3,2019,127.57429291233,20629EAB-945E-4AAF-9BDC-969E71BC360A,662751,662751_b,,b
551,662764_b,10,0.3646477139827729,High-density,662764,E00015169,E00015169,E01003015,716552,-0.113754831536214,51.4946556915448,PLXIZ5BEh5gk4F1Qvv7n1A,51.4946746896264,-0.113773520802149,11,2020,127.198236627634,162219DB-6B24-43A8-BA26-5F76EEA4A655,662764,662764_b,,b
552,800121_b,13,0.4081703239763105,Estates,800121,E00015169,E00015169,E01003015,865104,-0.1108970085652359,51.4945560796528,ZSWfvTH9XUGsc7HpCw98vw,51.494559838246495,-0.110866939359388,5,2021,177.702522949994,1AF632EA-1652-4E07-BC20-8F80D2EB5863,800121,800121_b,,b
555,662793_b,13,0.108270903502693,Estates,662793,E00015169,E00015169,E01003015,716583,-0.111924358915951,51.4937413002441,HEuzSpH7t-jgSI95yVZcYA,51.4937434860427,-0.111905853123063,7,2021,128.657012110441,FF99A0A3-3B5E-48CF-B3A4-04FB8EAAC2B1,662793,662793_b,,b
556,662790_b,10,0.612893875820408,High-density,662790,E00015169,E00015169,E01003015,716580,-0.112595170828522,51.4940812226447,V29Lh1Ix-tSw9-cgCOzU5A,51.4940984274323,-0.1126008728729869,11,2020,126.770483437769,FF99A0A3-3B5E-48CF-B3A4-04FB8EAAC2B1,662790,662790_b,,b
561,662747_b,1,0.3223644265600562,Open green space,662747,E00015193,E00015193,E01003015,716535,-0.113143173058429,51.4931926660198,oHJ1w-GhClfCG8MDhEXjeg,51.493202222515,-0.113123316421449,3,2019,127.558912543265,20629EAB-945E-4AAF-9BDC-969E71BC360A,662747,662747_b,,b
564,662749_b,1,0.3197551226002875,Open green space,662749,E00015193,E00015193,E01003015,716537,-0.1135905199648109,51.4934192059628,gs1i7cA7mMigwzaCm34m0A,51.4934169591678,-0.113526199456326,2,2018,127.558912543265,20629EAB-945E-4AAF-9BDC-969E71BC360A,662749,662749_b,,b
565,662745_b,1,0.3299832906539758,Open green space,662745,E00015193,E00015193,E01003015,716533,-0.1126957533061019,51.492966183901,jB9Hv7Zzx_z_P8PcwfZz9A,51.4929751702665,-0.11268615363084,3,2019,134.999999958312,20629EAB-945E-4AAF-9BDC-969E71BC360A,662745,662745_b,,b
567,662750_b,1,0.1657663967469517,Open green space,662750,E00015193,E00015193,E01003015,716538,-0.113814195087401,51.493532475308,72mL1Qb9RvojwJAzoS-eDA,51.4935741293626,-0.113841909677143,7,2021,127.57429291233,20629EAB-945E-4AAF-9BDC-969E71BC360A,662750,662750_b,,b
570,741027_b,15,0.1766884662595063,Commercial,741027,E00021554,E00021554,E01004280,801085,-0.0241905813986172,51.4959874630734,maMcn1-pDmB-AUdpI6Jjsg,51.4959790632918,-0.0241542334364792,9,2020,167.06194368281402,39842F91-AFBB-4A50-924B-31B20ADDE1A5,741027,741027_b,,b
574,781903_b,14,0.0654166645861177,Low-density,781903,E00020050,E00020050,E01003975,845238,-0.0727598927180364,51.4971549128567,bhZ96eKTwh7u_9y62gsQ4g,51.497144549774895,-0.0727845980746766,11,2020,256.780008373124,56C1A8E5-61FB-48EC-8F38-A3025A5E71A1,781903,781903_b,,b
576,781909_b,10,0.0608739360556701,High-density,781909,E00020050,E00020050,E01003975,845244,-0.0728488688570334,51.4962192391456,KxI3p0p8aXb8VX0vttTryA,51.4961424621872,-0.0733317581618255,11,2020,162.657010051713,2E09D1E4-0D93-4ADD-9A5B-6ED3A2260A70,781909,781909_b,,b
579,782225_b,10,0.6766584888417989,High-density,782225,E00020050,E00020050,E01003975,845590,-0.0729065180498536,51.496898063292,QaPBVtUmNejLyx2Cow-Nbw,51.4968961322935,-0.0729201874875429,11,2020,85.5293119420676,F0A04D6A-3797-4785-9945-BB2C573ED868,782225,782225_b,,b
580,782250_b,10,0.239460294091689,High-density,782250,E00020050,E00020050,E01003975,845618,-0.0733686683496253,51.4961057849228,gWF0ude6cCVVn1AA6ZCnbQ,51.49612209099161,-0.0733388701816368,2,2018,162.637393746817,2E09D1E4-0D93-4ADD-9A5B-6ED3A2260A70,782250,782250_b,,b
585,781902_b,10,0.2796036472856366,High-density,781902,E00020050,E00020050,E01003975,845237,-0.0724778503588298,51.497191416773006,QXGis6ynx8DpQQ8JclX3jQ,51.4971832028579,-0.0725189407625457,11,2020,256.780008373124,56C1A8E5-61FB-48EC-8F38-A3025A5E71A1,781902,781902_b,,b
588,782226_b,10,0.6155782580843099,High-density,782226,E00020050,E00020050,E01003975,845591,-0.0731941741131625,51.4968887810027,3Jdexs1qVuegBFyShZILFw,51.4968838468594,-0.0732058872783448,11,2020,85.5293119420676,F0A04D6A-3797-4785-9945-BB2C573ED868,782226,782226_b,,b
595,783942_b,10,0.34419854143268,High-density,783942,E00015370,E00015370,E01003051,847470,-0.102598052572623,51.4657899098059,d3BX5vJZXLkKZGgHDcsFuQ,51.4657807410542,-0.102601705149993,9,2020,234.88140612035,C74E089D-7184-495B-893B-12D0B3A07A55,783942,783942_b,,b
598,783886_b,10,0.181854743655721,High-density,783886,E00015370,E00015370,E01003051,847408,-0.1024395212502269,51.46520993606179,iqXZSlpuJz3Evr22djKslQ,51.465238093822094,-0.1024782261343369,5,2018,140.389311760121,C3165005-00E2-4254-A354-E590CD6679F9,783886,783886_b,,b
600,783941_b,10,0.2861912103953259,High-density,783941,E00015370,E00015370,E01003051,847469,-0.102358394492375,51.46588949476421,ZzHR9ef3U4ZlEIgKHCbZUw,51.46590332781901,-0.102370191919586,4,2021,234.88140612035,C74E089D-7184-495B-893B-12D0B3A07A55,783941,783941_b,,b
602,783885_b,10,0.2538634418994075,High-density,783885,E00015370,E00015370,E01003051,847407,-0.1026171930380669,51.46535139012771,9kzXdMplYnuKFoXWzS54XA,51.4653633010631,-0.102641173762566,4,2021,140.389311760121,C3165005-00E2-4254-A354-E590CD6679F9,783885,783885_b,,b
605,783892_b,15,0.5199622195857958,Commercial,783892,E00015370,E00015370,E01003051,847414,-0.1031838361280609,51.4650894423096,0opjX0m9OUiMy3VbmuLpAA,51.4650745547779,-0.103165712599828,5,2021,185.710593142453,89C44B8F-D7E9-4441-B6CE-A0F41594146B,783892,783892_b,,b
607,370262_b,0,0.3813670611135443,Terraced,370262,E00016905,E00016905,E01003336,400762,-0.0416383387003804,51.46264019570721,7WVCDbQJ7XkQVPHKn2Arsw,51.4628136049749,-0.0412991956125929,7,2021,224.458516855135,AC889256-4B4E-4F75-9338-5E7279C5F002,370262,370262_b,,b
609,370256_b,0,0.4474888040193915,Terraced,370256,E00016905,E00016905,E01003336,400756,-0.0428804051744079,51.4618907278137,XekitZ8U95NQ3X-QQko6aQ,51.4618997471766,-0.0428308992412575,3,2018,223.72696997994305,CACA4246-644A-403E-9E3D-F1F929F71E8B,370256,370256_b,,b
613,370290_b,10,0.2778194919327551,High-density,370290,E00016905,E00016905,E01003336,400791,-0.0403329159126235,51.4623472154031,763W4bXrb0dKHe9m4YUblA,51.4623475125951,-0.0403151901807812,3,2019,224.863110954532,98EC58A3-A360-4B91-9E44-3F2E7B0DF141,370290,370290_b,,b
615,371335_b,14,0.0325622023117604,Low-density,371335,E00016905,E00016905,E01003336,401921,-0.0422344918461168,51.461492811589295,gmW_hVFLf6SKwuuSDXODDQ,51.4614753668714,-0.0422419901861847,4,2021,224.563950012803,49732F19-7B18-44DF-A1FC-239161090711,371335,371335_b,,b
618,371336_b,14,0.0424815270845148,Low-density,371336,E00016905,E00016905,E01003336,401922,-0.0420271220871696,51.46161748845879,Vmi8JI3DD3SqXOwC2b3XAw,51.461599019300095,-0.042037092317001,4,2021,224.563950012803,49732F19-7B18-44DF-A1FC-239161090711,371336,371336_b,,b
626,370289_b,10,0.3404850998575226,High-density,370289,E00016905,E00016905,E01003336,400790,-0.0405413328508621,51.46222321970039,sD5e1mB9WSqZLgnPdUAFdw,51.46220782571421,-0.0405417946293802,3,2019,224.859684085726,98EC58A3-A360-4B91-9E44-3F2E7B0DF141,370289,370289_b,,b
627,668762_b,10,0.4110579064740119,High-density,668762,E00023982,E00023982,E01004737,723162,-0.132969184198343,51.48624060194899,bfp6Ec3DFK53LlYpVfg-Mw,51.486266424640895,-0.132949538990438,3,2018,162.407575437818,FF9B6A7A-17BF-44C2-8492-A0289E8F73A2,668762,668762_b,,b
629,92208_b,10,0.6089975380359811,High-density,92208,E00023535,E00023535,E01033599,99499,-0.146894497323792,51.4890663843859,q_wfgxg455J7Ow7aF1ArCA,51.4890641175347,-0.146878025034023,6,2021,163.01522409034402,F1363AF2-D70C-4E86-A500-3C5D9217CFE7,92208,92208_b,,b
630,669471_b,15,0.2000987845440507,Commercial,669471,E00023535,E00023535,E01033599,723956,-0.147734000069399,51.489734104446704,PJrrTp9gavlH7e3pvTQfxg,51.4897503050846,-0.147741459668574,10,2018,131.338559540182,3052CF4F-7478-46E5-86A3-BB256A256512,669471,669471_b,,b
631,669473_b,15,0.1108285655950909,Commercial,669473,E00023535,E00023535,E01033599,723958,-0.147311246012079,51.4894898724763,ktq1QoiKFCQ8oAa4rtwczw,51.48951139991551,-0.147277863557272,6,2021,131.333502167148,3052CF4F-7478-46E5-86A3-BB256A256512,669473,669473_b,,b
632,669472_b,15,0.1411970091446399,Commercial,669472,E00023535,E00023535,E01033599,723957,-0.147522645303286,51.4896119732113,0sH6Oj4vobxRKigd-cFgtg,51.489627532582105,-0.147503857749139,6,2021,131.185925167554,3052CF4F-7478-46E5-86A3-BB256A256512,669472,669472_b,,b
633,784602_b,13,0.4533731463177167,Estates,784602,E00015379,E00015379,E01003051,848185,-0.102396175674754,51.4625225168244,U2rgsdZyFuGieIVBBjZKYg,51.4625740748864,-0.10257040798097,5,2018,183.947019664595,A7221DBC-65B6-4182-9488-3A0561E51275,784602,784602_b,,b
636,784569_b,0,0.31225141330837,Terraced,784569,E00015379,E00015379,E01003051,848150,-0.102890222072409,51.46195841351521,ccS97NN3LG6tOEYBHt94PQ,51.4619618534414,-0.102856216758511,8,2020,192.225122675736,123686A2-07AF-4067-8E2B-94C4295C84B7,784569,784569_b,,b
640,784660_b,4,0.2268404164332407,Low-density,784660,E00015379,E00015379,E01003051,848243,-0.1016598631993419,51.463458022244,d5C8-y3H5UtsTQkCIy2cLA,51.46348621278111,-0.102271274538339,5,2018,190.856413348062,B9AC6061-4B43-4830-8ADD-A61E1715E4A8,784660,784660_b,,b
641,784636_b,4,0.482667932659883,Low-density,784636,E00015379,E00015379,E01003051,848219,-0.102290115530494,51.4635866265624,tIMIEJUAFzvhrMkUKmvO6g,51.4636117402856,-0.1022469375684709,4,2021,190.856413348062,B9AC6061-4B43-4830-8ADD-A61E1715E4A8,784636,784636_b,,b
642,784568_b,0,0.6451065231422874,Terraced,784568,E00015379,E00015379,E01003051,848149,-0.102820529383783,51.4621328553402,3OeiP-bRmN7hKaKckrIpfQ,51.4621258825009,-0.102790937766578,4,2021,192.528807709152,123686A2-07AF-4067-8E2B-94C4295C84B7,784568,784568_b,,b
643,784565_b,13,0.2264023630612529,Estates,784565,E00015379,E00015379,E01003051,848146,-0.1026114480294969,51.4626561805043,bhxM37A_sCL3fwVPhXx8MA,51.462659177530696,-0.102581462582204,8,2020,183.947019664595,A7221DBC-65B6-4182-9488-3A0561E51275,784565,784565_b,,b
645,784566_b,0,0.3045852203368399,Terraced,784566,E00015379,E00015379,E01003051,848147,-0.102681142362335,51.4624817388348,dtwDSe0HaDJWiSHE7kW8Qw,51.4624404779584,-0.102660059698582,8,2020,192.528807709152,123686A2-07AF-4067-8E2B-94C4295C84B7,784566,784566_b,,b
647,784567_b,0,0.5134196223324152,Terraced,784567,E00015379,E00015379,E01003051,848148,-0.102750836147094,51.4623072971134,4noKPxRk8X-fTY1IAkeiMA,51.4623109178598,-0.102715978171717,8,2020,192.528807709152,123686A2-07AF-4067-8E2B-94C4295C84B7,784567,784567_b,,b
649,784570_b,0,0.4780579707279038,Terraced,784570,E00015379,E00015379,E01003051,848151,-0.102959220646746,51.46178386473479,pZHvYZJj9Q799_iak9fHjA,51.4617574224681,-0.102933520089195,4,2021,192.225122675736,123686A2-07AF-4067-8E2B-94C4295C84B7,784570,784570_b,,b
651,782194_b,10,0.4837471322593711,High-density,782194,E00020047,E00020047,E01003975,845554,-0.074738957643309,51.4985445112246,ssAb3Pm8IoDpAv39hfPLYQ,51.49854444430178,-0.0746960743533625,4,2019,171.423735765549,F4C2E23E-9040-4B14-A275-91474A4C2DB3,782194,782194_b,,b
652,782201_b,13,0.227031925340481,Estates,782201,E00020047,E00020047,E01003975,845561,-0.0746217038873156,51.497271084125785,wsEySD1m8P_pHu8FVpTJEg,51.49724388815311,-0.0745942406516299,11,2020,173.550320096217,B2BBDE1F-0422-49E5-87F8-090C8A58D324,782201,782201_b,,b
655,782174_b,13,0.1335239263649671,Estates,782174,E00020047,E00020047,E01003975,845532,-0.0742084186674526,51.4979723812269,2ckb26B1S1wx1T0OSdVuZA,51.49795660145951,-0.0741804182527402,4,2019,259.114472945341,6B09DD71-1C78-4EC6-A7C0-7F3041D8783F,782174,782174_b,,b
659,782213_b,13,0.3239186677031058,Estates,782213,E00020047,E00020047,E01003975,845574,-0.0738583905147437,51.4974809173569,SUzglr_VRLY1E2Jm7Prtyw,51.49750056305761,-0.0738305810358682,11,2020,168.537242647413,9C89943C-79A9-4526-AB2B-B789CF862829,782213,782213_b,,b
661,782195_b,10,0.4649928596592274,High-density,782195,E00020047,E00020047,E01003975,845555,-0.0747343200372838,51.4983728435196,RyYASTJSxOonz0kL9uCohQ,51.4983687639306,-0.0746816299354549,11,2020,171.415600192721,F4C2E23E-9040-4B14-A275-91474A4C2DB3,782195,782195_b,,b
663,782200_b,11,0.0966354653278496,Open green space,782200,E00020047,E00020047,E01003975,845560,-0.0746465816067688,51.4974502022195,BOIzv6uwlLP02IIqxbPNpg,51.497408391389705,-0.0746533523395366,11,2020,173.550320096217,B2BBDE1F-0422-49E5-87F8-090C8A58D324,782200,782200_b,,b
668,782214_b,13,0.1291676846315005,Estates,782214,E00020047,E00020047,E01003975,845575,-0.0739081575138573,51.4976580034205,gWHc4fDs0NT_M1nv1zAGMA,51.4976787901262,-0.073872167421243,11,2020,168.537242647413,9C89943C-79A9-4526-AB2B-B789CF862829,782214,782214_b,,b
671,662767_b,13,0.4674263059011846,Estates,662767,E00015191,E00015191,E01003015,716555,-0.1131206597130759,51.4952597074474,drXlJeGOAR5-0Ks3SUNXRQ,51.4952357071254,-0.1130470264276019,2,2018,226.005086005254,4E4CBBCC-0912-48D8-AC88-79D1E8F58AB7,662767,662767_b,,b
672,662766_b,13,0.2907955209966508,Estates,662766,E00015191,E00015191,E01003015,716554,-0.112908361586776,51.4953812150616,GfQ5y-OJd8tbfv4CCdp7Og,51.49537599736939,-0.112828064926668,11,2020,226.005086005254,4E4CBBCC-0912-48D8-AC88-79D1E8F58AB7,662766,662766_b,,b
677,662820_b,15,0.2231371243172352,Commercial,662820,E00015191,E00015191,E01003015,716613,-0.112423159862344,51.494738490280106,WiAIhWLlC0Pk6gShenYLGA,51.494751609323,-0.112413744598477,11,2020,177.79740183823398,01AC3EC9-97E4-4259-9E41-9A7E8F5992B9,662820,662820_b,,b
678,662786_b,13,0.3315350609215837,Estates,662786,E00015191,E00015191,E01003015,716575,-0.1133191766024949,51.4947548626056,tGP97pZbIVduscsr_BE6Lw,51.4947479178098,-0.113335929525664,11,2020,217.870389698272,46A3C11C-D30C-49C2-B5CE-4C2F567BFBA2,662786,662786_b,,b
683,741304_b,4,0.0637499890417008,Low-density,741304,E00167135,E00167135,E01004280,801385,-0.0269279799995094,51.4955911140162,eNahzdT-ECaHDa-y9Fjn_Q,51.4956091468995,-0.0268759388366529,9,2020,260.516001120907,63DA8841-ED1B-49B6-9CAB-DFCAF52BF07E,741304,741304_b,,b
686,924035_b,11,0.1631324587253825,Open green space,924035,E00167135,E00167135,E01004280,999684,-0.0257913014098753,51.4964848363808,l7lysW3T8hWwyisErTXmBQ,51.4964546126394,-0.025773162491758,3,2018,173.917525472164,5F0288A6-2CDA-49C1-8DF8-508100207FB5,924035,924035_b,,b
690,924036_b,1,0.24805870903896,Open green space,924036,E00167135,E00167135,E01004280,999685,-0.0258046393118629,51.496664431431,sJtNKouhgBUi_kxdOWnNSg,51.4966324581695,-0.0257905967750922,3,2018,173.917525472164,5F0288A6-2CDA-49C1-8DF8-508100207FB5,924036,924036_b,,b
692,780460_b,14,0.001,Low-density,780460,E00020193,E00020193,E01004013,843658,-0.0765509587169838,51.477378806621,9m8O1QPbgiwGN5RNrpVB0Q,51.4773985104457,-0.0765548343928656,3,2019,163.606457166604,83F64A64-08B6-4084-BB61-2C4E03AA7E4B,780460,780460_b,,b
693,780431_b,6,0.3568782136939175,Other green,780431,E00020193,E00020193,E01004013,843629,-0.0758536583567973,51.4768018559001,cBnQI4E2Jfom5CYfLf9Z4A,51.476790026944286,-0.075908227124748,2,2018,164.744881297391,74733A6B-0B2D-4057-9AF6-DF2B70674F33,780431,780431_b,,b
695,780465_b,6,0.3827470042261645,Other green,780465,E00020193,E00020193,E01004013,843663,-0.0759781904534041,51.4767845717105,5zPGgOC55yT40gddOwfcTg,51.4767745345348,-0.0759413939736643,7,2021,164.744881297584,74733A6B-0B2D-4057-9AF6-DF2B70674F33,780465,780465_b,,b
697,780461_b,0,0.0332594395361325,Terraced,780461,E00020193,E00020193,E01004013,843659,-0.0764769129313571,51.4772050634528,micQUDPvQGrepeTO7hHSNA,51.4772173865919,-0.0764925726792724,3,2019,163.606457166604,83F64A64-08B6-4084-BB61-2C4E03AA7E4B,780461,780461_b,,b
702,780690_b,13,0.1415487918577938,Estates,780690,E00020193,E00020193,E01004013,843913,-0.0751562216605758,51.4758015573007,gvbXyfxoZDp1hEb05BWmIA,51.475787372194006,-0.0751808428452237,2,2018,75.41108126712541,A273067D-915C-490F-86B5-BA8050F30A17,780690,780690_b,,b
704,668615_b,0,0.0925096922916672,Terraced,668615,E00023973,E00023973,E01004737,723002,-0.131103190629287,51.48940246530189,bQXsZxB1_3z0cbuWYjaZWw,51.4893691481884,-0.131105192375609,11,2020,126.706262653659,E77D1416-E949-4AB4-8F27-378E365C2993,668615,668615_b,,b
706,791314_b,13,0.3084395697047639,Estates,791314,E00019820,E00019820,E01003940,855502,-0.0864964141941565,51.497379807456895,kfiZbV4Cy6uczAmpQu9z5g,51.49739213260821,-0.0864497262869674,5,2021,226.617430302418,625308FF-A7CA-4B3F-A471-5FFE2972363A,791314,791314_b,,b
708,783358_b,10,0.3850438982079208,High-density,783358,E00019820,E00019820,E01003940,846833,-0.0856326635964577,51.4977191798404,W6t4fLP5F3LAnaQdBs7gdg,51.49765493946551,-0.0857406563759282,11,2020,155.018459006729,E69A8A6E-AB3A-4FA2-B287-308F136C8F4E,783358,783358_b,,b
709,783385_b,6,0.001,Other green,783385,E00019820,E00019820,E01003940,846863,-0.0853643371557146,51.4973850075269,jUB028QfOvsf29K7lo4_6w,51.4973947117056,-0.0853338080730592,5,2021,253.023003386006,95A34262-0C53-4EBC-97B9-CA052A31F328,783385,783385_b,,b
715,924041_b,11,0.2354606957731212,Open green space,924041,E00167133,E00167133,E01004280,999690,-0.0258713648438653,51.497562405592,SauvViof0toiwJRUSfvllg,51.4975984424005,-0.0258248673454301,9,2020,175.79717072615398,D2471429-3277-4557-BB42-99B52C1D1F0F,924041,924041_b,,b
716,924040_b,11,0.2442014763744265,Open green space,924040,E00167133,E00167133,E01004280,999689,-0.0258580075046924,51.49738281112021,RFM3YlVKUdVlMNqtzXg35g,51.4973579599491,-0.0258501480045759,8,2021,175.800909937765,D2471429-3277-4557-BB42-99B52C1D1F0F,924040,924040_b,,b
717,800178_b,13,0.2252564715925787,Estates,800178,E00016098,E00016098,E01003184,865167,-0.111817391788725,51.476008330160106,rMaXPkdxUFRBnTeh8qxYxw,51.4759926442265,-0.112470807363079,2,2018,183.0908513552669,17399704-E548-4456-AC35-E65137219F07,800178,800178_b,,b
718,800179_b,13,0.3142306207472081,Estates,800179,E00016098,E00016098,E01003184,865168,-0.111840502454719,51.4758291182745,n49V_la73Xor0wj946tc4g,51.475844901756,-0.112479528209231,3,2018,183.0908513552669,17399704-E548-4456-AC35-E65137219F07,800179,800179_b,,b
719,791343_b,10,0.457177580065529,High-density,791343,E00019817,E00019817,E01003940,855535,-0.0869943269951966,51.4979740999105,hPFtH5fbt5EqamBLAOKdHw,51.4979566265499,-0.0870142521988625,11,2020,224.834644673775,6BA3A0FF-53BC-4739-B385-CE80F387EC5A,791343,791343_b,,b
720,791341_b,10,0.0983616537226216,High-density,791341,E00019817,E00019817,E01003940,855533,-0.0874110598478338,51.4977258258056,aoNgwEQOwUdD4mMe2dGjPQ,51.4977687295084,-0.0873666915082092,11,2020,224.842810327147,6BA3A0FF-53BC-4739-B385-CE80F387EC5A,791341,791341_b,,b
722,791322_b,0,0.1307265392910213,Terraced,791322,E00019817,E00019817,E01003940,855511,-0.0877515302198302,51.49760197896772,L9r54YAZqJCuPf1aTnH71A,51.49761627603272,-0.0877165520166252,11,2020,222.296304976806,2EB0B03C-38EB-4430-91C0-3969CA9E604F,791322,791322_b,,b
724,798333_b,15,0.3145758631789673,Commercial,798333,E00015380,E00015380,E01003051,863150,-0.108292197643433,51.46286634936271,Uo5hM5BzbIQgUvIm23NwCQ,51.4628766230767,-0.108283323360107,5,2021,248.73412309752496,808C7B1C-3785-4110-B534-66FF72FE0643,798333,798333_b,,b
726,798162_b,13,0.0951710916750646,Estates,798162,E00015380,E00015380,E01003051,862964,-0.1055104489188369,51.4614501982172,8cfyRoXGaS42ACCzf3Wprw,51.4614626192757,-0.1055103073184169,3,2019,140.01794604853,921F8D75-9609-4F5F-BDC4-4A1DE7CA5E43,798162,798162_b,,b
728,798163_b,13,0.4556424344715026,Estates,798163,E00015380,E00015380,E01003051,862965,-0.105689592425895,51.46159091915871,7m497FUmBxN5qO-6DOOd3A,51.4616050340522,-0.105686212694999,8,2020,140.01794604853,921F8D75-9609-4F5F-BDC4-4A1DE7CA5E43,798163,798163_b,,b
730,798194_b,6,0.2460156536727514,Other green,798194,E00015380,E00015380,E01003051,862997,-0.1048538469347,51.4611970940567,l8HuMyZ83YwZMNWMuD8LpQ,51.461213959287605,-0.104860729492719,4,2021,202.274594664256,469A14B3-D60A-4181-A1E7-B867F86B6365,798194,798194_b,,b
732,798160_b,2,0.001,Other green,798160,E00015380,E00015380,E01003051,862962,-0.105152108340062,51.46116878378572,CgIxhRS-ctVfIKazup8X6Q,51.46118131143021,-0.105163709085134,5,2018,203.114207983532,1C0BC20A-E897-4579-899E-EEBB21C7D855,798160,798160_b,,b
733,798141_b,13,0.001,Estates,798141,E00015380,E00015380,E01003051,862942,-0.106504934766565,51.4622722065694,u0TXw8ER78uie8LdYDI3pw,51.4622913895697,-0.10646970961238,5,2018,144.35939214314502,60A3CA4D-BFD2-4491-9E4D-CF2110538AEA,798141,798141_b,,b
737,800124_b,13,0.1725665620141279,Estates,800124,E00015190,E00015190,E01003015,865107,-0.1109093673730619,51.49509539886501,vgLV6IN-q3t3djCdtGaCQg,51.4951056929616,-0.110896894417398,8,2020,177.70216038856395,1AF632EA-1652-4E07-BC20-8F80D2EB5863,800124,800124_b,,b
738,800125_b,13,0.3109891458366205,Estates,800125,E00015190,E00015190,E01003015,865108,-0.1109246419594119,51.49527486897801,c7NcWbokliJ98XVwwGk8EQ,51.495284549737605,-0.110930322274196,5,2021,174.34822658723098,1AF632EA-1652-4E07-BC20-8F80D2EB5863,800125,800125_b,,b
740,741155_b,10,0.001,High-density,741155,E00021552,E00021552,E01004280,801225,-0.0251280950873751,51.497466299508,bRpKX8PcXUjGmdkXuMdLfw,51.497463564938,-0.0251074360018696,4,2019,175.240136592668,972CFB8C-22ED-4618-ADF6-988C9E9BE410,741155,741155_b,,b
743,662795_b,10,0.3648446033893359,High-density,662795,E00015194,E00015194,E01003015,716585,-0.111483964955981,51.4935095105047,bpDOZl1na7J2adzwEgd43w,51.493520906383296,-0.111480462454151,3,2019,119.438212807221,FF99A0A3-3B5E-48CF-B3A4-04FB8EAAC2B1,662795,662795_b,,b
