,Unnamed: 0_x,matched,p,clusters_2011_cleanup,idx_x,oa_name,OA11CD,LSOA11CD,Unnamed: 0_y,xcoord,ycoord,panoid,lat,lon,month,year,azi,id,idx_y,idx_y,angle
0,524440_d,13,0.0355244275380507,Estates,524440,E00023535,E00023535,E01033599,723957,-0.147522645303286,51.4896119732113,8CurzottdFl2AdXpzs0kOw,51.4896304220478,-0.147517071169164,6,2008,131.185925167554,3052CF4F-7478-46E5-86A3-BB256A256512,524440,524440_d,d
3,524430_d,10,0.3140910635346183,High-density,524430,E00023535,E00023535,E01033599,723945,-0.146563597412184,51.4890832817173,iwbSmx05Ee4ZPW53DfCzXg,51.489053526313896,-0.1464984820054259,7,2008,125.420336392125,C0E5F514-4662-4439-A9FF-79093E04B0D5,524430,524430_d,d
5,616346_d,13,0.6166388985073947,Estates,616346,E00020050,E00020050,E01003975,845244,-0.0728488688570334,51.4962192391456,QB4K8iBa8XG00btF6GiwWg,51.49613981464721,-0.0733128307303149,5,2012,162.657010051713,2E09D1E4-0D93-4ADD-9A5B-6ED3A2260A70,616346,616346_d,d
7,616599_d,10,0.1578377592311723,High-density,616599,E00020050,E00020050,E01003975,845612,-0.0727050811602167,51.49771408512071,Cv-zDD24-It3kP4HSq-xPA,51.497748547627104,-0.072771372278904,7,2009,127.78483344941002,10720EA2-B709-4677-B1FE-4A2A64DECBE4,616599,616599_d,d
9,616340_d,15,0.2919356156574645,Commercial,616340,E00020050,E00020050,E01003975,845238,-0.0727598927180364,51.4971549128567,4CAOJ6ecp_jkLY0ePWzvXw,51.4975262748074,-0.0723390811997337,7,2009,127.775684305988,31651B34-9980-4626-8851-116287A91EF8,616340,616340_d,d
10,616600_d,10,0.0324533338567802,High-density,616600,E00020050,E00020050,E01003975,845613,-0.072482158684834,51.4976002262191,2pMTkdZF6hFHPS3J-T2fGg,51.497624510653,-0.0724926471595916,5,2012,127.78483344941002,10720EA2-B709-4677-B1FE-4A2A64DECBE4,616600,616600_d,d
11,616563_d,13,0.3795212375528796,Estates,616563,E00020050,E00020050,E01003975,845547,-0.0734305940080846,51.496242063272,Y0OsJGN4mkLhrw2HWvWJ3g,51.4962326441014,-0.0733550045715949,5,2012,162.657010051713,2E09D1E4-0D93-4ADD-9A5B-6ED3A2260A70,616563,616563_d,d
13,616564_d,13,0.4375712688753113,Estates,616564,E00020050,E00020050,E01003975,845548,-0.0737054282659842,51.4961882564,uDJFM7ZzUx6dDTcnOO0vdw,51.4962043580421,-0.0733665465391922,6,2008,162.657010051713,2E09D1E4-0D93-4ADD-9A5B-6ED3A2260A70,616564,616564_d,d
14,616339_d,15,0.2140348413590361,Commercial,616339,E00020050,E00020050,E01003975,845237,-0.0724778503588298,51.497191416773006,36OqumoVWLfMRtFWGepG4w,51.4974022903533,-0.0721116752493091,7,2009,127.775684305988,31651B34-9980-4626-8851-116287A91EF8,616339,616339_d,d
15,616603_d,13,0.2446189736523888,Estates,616603,E00020050,E00020050,E01003975,845618,-0.0733686683496253,51.4961057849228,e0wUEVeeJcH415PIv5Lw0g,51.49612122024649,-0.0733283676188173,6,2008,162.637393746817,2E09D1E4-0D93-4ADD-9A5B-6ED3A2260A70,616603,616603_d,d
17,616590_d,13,0.0905718077801546,Estates,616590,E00020050,E00020050,E01003975,845601,-0.0735024987577235,51.4964161609041,eXxC7H9AFGzvNwjLDQ5Teg,51.4964481397044,-0.0734588283835809,6,2008,164.031521440173,6FA59E2E-3503-410B-A230-DA4A42C69283,616590,616590_d,d
19,523887_d,10,0.4440687428629055,High-density,523887,E00023974,E00023974,E01004737,723149,-0.133073491820644,51.48646736917149,XuIt5dSL8yK2fde7vy9xJA,51.4864394619973,-0.133024113434119,7,2008,162.407575437818,FF9B6A7A-17BF-44C2-8492-A0289E8F73A2,523887,523887_d,d
23,523886_d,11,0.156979392690613,Open green space,523886,E00023974,E00023974,E01004737,723148,-0.133151295609267,51.4866404756575,5teLgrXn6Fc5QzMANbys1A,51.486646862412,-0.133115775776899,7,2008,162.407575437818,FF9B6A7A-17BF-44C2-8492-A0289E8F73A2,523886,523886_d,d
24,523863_d,13,0.239164540953974,Estates,523863,E00023974,E00023974,E01004737,723109,-0.133709824907614,51.48774319273439,6uS7FyeA3DB0xDNe2UoZGg,51.4877579119631,-0.1336802645541019,8,2012,159.145541960422,432C218D-9736-4C9A-AC18-39F590398D0A,523863,523863_d,d
25,523876_d,10,0.5433189318327978,High-density,523876,E00023974,E00023974,E01004737,723130,-0.1336794878364769,51.48725780899861,haYXhy1zGphYuP6d41zC2A,51.4872249378749,-0.133380332776274,7,2008,162.867933716785,18F010FB-9505-4F92-894E-E82A01EDB2B5,523876,523876_d,d
29,523877_d,10,0.290792453254573,High-density,523877,E00023974,E00023974,E01004737,723131,-0.13360167605921,51.4870847037236,5b6BtCoR1b3_LpX6F5nVBg,51.487150678133,-0.1333487774609059,8,2012,152.502572878243,FE289772-562D-4C51-A44C-C833C1E29EF9,523877,523877_d,d
30,523870_d,13,0.1798898065829103,Estates,523870,E00023974,E00023974,E01004737,723119,-0.132809554285388,51.48797558433889,SmU_NVdafY1ZdBFZDPpxVg,51.48768673559901,-0.133600598116794,7,2008,159.145541960422,432C218D-9736-4C9A-AC18-39F590398D0A,523870,523870_d,d
34,523885_d,13,0.1358993763121845,Estates,523885,E00023974,E00023974,E01004737,723147,-0.133229099971695,51.486813582092886,MAA2jcbXtZa3aE-dR-1jOA,51.4868644775362,-0.13321947837275,8,2012,162.864756266395,18F010FB-9505-4F92-894E-E82A01EDB2B5,523885,523885_d,d
36,523878_d,10,0.656912337692101,High-density,523878,E00023974,E00023974,E01004737,723132,-0.133523864855815,51.4869115983981,_LGTn5KQvBCQO2SF0RXRMw,51.4869578194422,-0.1332619209697,8,2012,162.864756266395,18F010FB-9505-4F92-894E-E82A01EDB2B5,523878,523878_d,d
37,523869_d,13,0.0056941796841791,Estates,523869,E00023974,E00023974,E01004737,723118,-0.133040851191002,51.4880827012616,L1jLq1a7mu3xd4cUUCgkWQ,51.4877576519419,-0.1336615166932,7,2008,159.145541960422,432C218D-9736-4C9A-AC18-39F590398D0A,523869,523869_d,d
39,523884_d,10,0.1536557648025104,High-density,523884,E00023974,E00023974,E01004737,723146,-0.133306894815113,51.48698669024572,FPqKc1aahQCzQi_BXdsoAg,51.4869908650715,-0.133275216956426,7,2008,162.864756266395,18F010FB-9505-4F92-894E-E82A01EDB2B5,523884,523884_d,d
42,523881_d,10,0.366623706566423,High-density,523881,E00023974,E00023974,E01004737,723135,-0.133290434688764,51.4863922821182,HPzmcN_o91aUogNYMtFXrg,51.4864320373724,-0.133021126521172,8,2012,162.407575437818,FF9B6A7A-17BF-44C2-8492-A0289E8F73A2,523881,523881_d,d
43,519188_d,13,0.2234282474504468,Estates,519188,E00015190,E00015190,E01003015,716618,-0.111601403561861,51.4946801839995,KgkDgr9Y1zguQkUBxiGcPQ,51.4947602974431,-0.110874993472464,7,2008,177.702522949994,1AF632EA-1652-4E07-BC20-8F80D2EB5863,519188,519188_d,d
47,617973_d,15,0.3263332837470097,Commercial,617973,E00015370,E00015370,E01003051,847408,-0.1024395212502269,51.46520993606179,tkXC_iKSZLWgbJp844SGPw,51.465255888151205,-0.102479969838821,6,2008,140.389311760121,C3165005-00E2-4254-A354-E590CD6679F9,617973,617973_d,d
48,618594_d,0,0.3004476617503013,Terraced,618594,E00015370,E00015370,E01003051,848213,-0.102966929709469,51.4644275962512,pTX_Jkex1aHn1jRvIXqZHQ,51.464459797141,-0.102906998041107,5,2012,184.46227376698505,469A14B3-D60A-4181-A1E7-B867F86B6365,618594,618594_d,d
50,618596_d,0,0.276100328781687,Terraced,618596,E00015370,E00015370,E01003051,848215,-0.102517487899215,51.4642029003724,a6Z-iJQe6Pf6UjhdwGrUzA,51.464262647603206,-0.102512113219123,6,2008,127.168565471315,B9AC6061-4B43-4830-8ADD-A61E1715E4A8,618596,618596_d,d
53,618027_d,10,0.4576784956901355,High-density,618027,E00015370,E00015370,E01003051,847481,-0.102871311182246,51.46616802935411,4oLiSRRG7bG0_K2NpNHNVg,51.4658129657399,-0.102567217691656,4,2012,234.88140612035,C74E089D-7184-495B-893B-12D0B3A07A55,618027,618027_d,d
55,617979_d,15,0.6485255279270203,Commercial,617979,E00015370,E00015370,E01003051,847414,-0.1031838361280609,51.4650894423096,zw3kL2LhY2yPGXR42ykIaQ,51.4651129464638,-0.103176359446128,7,2009,183.172758640287,89C44B8F-D7E9-4441-B6CE-A0F41594146B,617979,617979_d,d
59,618019_d,10,0.3274062427895364,High-density,618019,E00015370,E00015370,E01003051,847469,-0.102358394492375,51.46588949476421,PxNT_gRJ-Quu55KS6ID8lQ,51.4658664193972,-0.102365703344882,6,2008,234.88140612035,C74E089D-7184-495B-893B-12D0B3A07A55,618019,618019_d,d
61,618593_d,15,0.3530366609528909,Commercial,618593,E00015370,E00015370,E01003051,848212,-0.103191652276854,51.4645399435584,ldb90VTO5l5W_Sc_1ol5hQ,51.4645372853535,-0.103057130683418,5,2012,127.189109488408,B9AC6061-4B43-4830-8ADD-A61E1715E4A8,618593,618593_d,d
62,618595_d,0,0.3981162003141935,Terraced,618595,E00015370,E00015370,E01003051,848214,-0.102742208250258,51.4643152485225,rE71ypTLeWXpnpCC0ewtHA,51.464370708644,-0.102720881863243,6,2008,127.168565471315,B9AC6061-4B43-4830-8ADD-A61E1715E4A8,618595,618595_d,d
65,623678_d,13,0.5611008766727204,Estates,623678,E00019826,E00019826,E01003940,855437,-0.0873653161008768,51.49623076959251,IPKu0B8f8lWGJFR9_WRcFA,51.49627776933722,-0.0873358130695898,6,2012,148.39063650406,1AB44DFF-4710-42C4-956A-4C2D1ED6244B,623678,623678_d,d
67,623719_d,13,0.524857804978988,Estates,623719,E00019826,E00019826,E01003940,855500,-0.086925278051289,51.49713972040978,ZK0VdQtLyg8HY7he7eol-Q,51.497138050539206,-0.0869545912065303,6,2012,225.805184972816,4EC21291-C31C-40E8-9EE8-0DAA8D62E5A4,623719,623719_d,d
69,623709_d,13,0.1238193222088972,Estates,623709,E00019826,E00019826,E01003940,855482,-0.0878701338705536,51.4967638864503,COqJ4owj2DPaF58CIx0G5Q,51.4968478050538,-0.087895990740233,6,2012,144.819969120378,FED9FDB4-5E79-4517-A74B-81F6E01A79A6,623709,623709_d,d
70,623676_d,13,0.5642959310713236,Estates,623676,E00019826,E00019826,E01003940,855435,-0.0876544212995031,51.4965417902541,LJjuL3_h1SsrvK9WEFZMEA,51.496586890092495,-0.0876421574543602,9,2009,148.37109164496,1AB44DFF-4710-42C4-956A-4C2D1ED6244B,623676,623676_d,d
72,623689_d,13,0.1097728131822364,Estates,623689,E00019826,E00019826,E01003940,855452,-0.0870292256643187,51.496425755692215,0MjhM4jfQeDAMIqg9wWuCQ,51.4965989764993,-0.0870122311589926,6,2012,229.766964533484,3B15EF5D-C9B3-41DD-89A2-9E75170B5E00,623689,623689_d,d
76,623720_d,13,0.1263946423658477,Estates,623720,E00019826,E00019826,E01003940,855501,-0.0867108351388829,51.497259756101705,fjuABPmfYM5a76XvLyuOQA,51.497262956067495,-0.0866938447492582,9,2009,226.617430302418,625308FF-A7CA-4B3F-A471-5FFE2972363A,623720,623720_d,d
79,623705_d,13,0.7103228965614379,Estates,623705,E00019826,E00019826,E01003940,855478,-0.0875662433867123,51.4968031827047,KNs_c9H9ktKQ0CjDdPEqOA,51.496791340849285,-0.0875873740866882,6,2012,232.416789370468,FCEC6A66-D696-4482-B915-7E13375BDBA0,623705,623705_d,d
80,623677_d,13,0.1892096215834013,Estates,623677,E00019826,E00019826,E01003940,855436,-0.0875098264216459,51.49638629514421,Ydg7tsGy1KX9FAWjU-CgMA,51.4963988890425,-0.0874405048228632,9,2009,148.39063650406,1AB44DFF-4710-42C4-956A-4C2D1ED6244B,623677,623677_d,d
82,519161_d,10,0.2145798297534148,High-density,519161,E00015169,E00015169,E01003015,716581,-0.112369802812964,51.4939692714439,oC8myDHFxvb98Fa11AhcbA,51.4939431166403,-0.112292678395896,6,2008,127.433934661354,FF99A0A3-3B5E-48CF-B3A4-04FB8EAAC2B1,519161,519161_d,d
84,519162_d,10,0.3060321214726015,High-density,519162,E00015169,E00015169,E01003015,716582,-0.112145714832738,51.4938563189714,N9V3CA4CRWiZUmAmGc6Pyg,51.4938830651328,-0.112175766718788,6,2008,127.433934661354,FF99A0A3-3B5E-48CF-B3A4-04FB8EAAC2B1,519162,519162_d,d
85,519164_d,0,0.2104838897652149,Terraced,519164,E00015169,E00015169,E01003015,716584,-0.111704157323135,51.493625408577,Xsc-1sVGZL49qLirNdN-tA,51.4936247411708,-0.111681304381077,5,2012,128.65980825409,FF99A0A3-3B5E-48CF-B3A4-04FB8EAAC2B1,519164,519164_d,d
87,519163_d,10,0.4158231586868397,High-density,519163,E00015169,E00015169,E01003015,716583,-0.111924358915951,51.4937413002441,y4Hi-8LSF_lhCp9NiGu0ZA,51.493729833307,-0.111884909954388,7,2009,128.65980825409,FF99A0A3-3B5E-48CF-B3A4-04FB8EAAC2B1,519163,519163_d,d
89,519187_d,13,0.300579631678824,Estates,519187,E00015169,E00015169,E01003015,716617,-0.111685376707138,51.4945369680953,VDkq7rwQ_mkcO_rzsByoiw,51.4945857532063,-0.110868146275981,7,2008,177.702522949994,1AF632EA-1652-4E07-BC20-8F80D2EB5863,519187,519187_d,d
90,519160_d,10,0.4278717714904461,High-density,519160,E00015169,E00015169,E01003015,716580,-0.112595170828522,51.4940812226447,yMtbgDdHNCkcb7AU8e0-pg,51.4940456880715,-0.112496505722974,7,2009,127.454597537601,FF99A0A3-3B5E-48CF-B3A4-04FB8EAAC2B1,519160,519160_d,d
93,519157_d,10,0.0777792186623681,High-density,519157,E00015169,E00015169,E01003015,716576,-0.113501790330973,51.4946158255867,fsS9yK0XMqlSK5Pn2clvQw,51.494578591994106,-0.113557640054156,7,2009,127.303948277983,1D758DCB-CA42-454D-9752-A8CB06BF6BC4,519157,519157_d,d
94,519186_d,10,0.1854375670667042,High-density,519186,E00015169,E00015169,E01003015,716616,-0.111955360069517,51.4944743317389,nbzUqOJpAPEvfuKXVPyPJA,51.4940406412941,-0.112484242206705,5,2012,127.454597537601,FF99A0A3-3B5E-48CF-B3A4-04FB8EAAC2B1,519186,519186_d,d
98,519136_d,13,0.3723130279767614,Estates,519136,E00015169,E00015169,E01003015,716541,-0.114485282594154,51.49387223815479,lurGGDzmWdz_bewCy_NAhg,51.4938801472106,-0.114468181252631,6,2008,127.57429291233,20629EAB-945E-4AAF-9BDC-969E71BC360A,519136,519136_d,d
99,519184_d,10,0.2656030326873673,High-density,519184,E00015169,E00015169,E01003015,716613,-0.112423159862344,51.494738490280106,qoU0By2-cDbzbG-CD2FHEA,51.49425528706779,-0.112895002530208,5,2012,126.745089859287,FF99A0A3-3B5E-48CF-B3A4-04FB8EAAC2B1,519184,519184_d,d
101,519156_d,10,0.2469887873878249,High-density,519156,E00015169,E00015169,E01003015,716575,-0.113319176602495,51.4947548626056,mdfCuM5v1DKq1W6pqVLqBA,51.49460103625461,-0.113588160969409,5,2012,127.221899424012,D104559C-2613-4515-8BEC-DAFAF650183A,519156,519156_d,d
102,519135_d,13,0.228194699731096,Estates,519135,E00015169,E00015169,E01003015,716540,-0.11426157360886,51.4937589935538,l-9pH7ZtIGvaPExUljIocw,51.4937643524833,-0.114234635754707,6,2008,127.57429291233,20629EAB-945E-4AAF-9BDC-969E71BC360A,519135,519135_d,d
103,519137_d,13,0.2993832851482805,Estates,519137,E00015169,E00015169,E01003015,716542,-0.114708992692332,51.4939854823381,YbHcNvgT72g6Rh4iYTVcuQ,51.4939785646982,-0.114667654730206,6,2008,127.564653693348,20629EAB-945E-4AAF-9BDC-969E71BC360A,519137,519137_d,d
105,519185_d,10,0.576505412966053,High-density,519185,E00015169,E00015169,E01003015,716615,-0.1122183841403819,51.49444118370271,-_Fok5eS2IOZi2sVDk-vJA,51.4941503528602,-0.112692839071057,5,2012,126.737447611028,FF99A0A3-3B5E-48CF-B3A4-04FB8EAAC2B1,519185,519185_d,d
109,615398_d,10,0.4544036265455209,High-density,615398,E00020195,E00020195,E01004013,843950,-0.0735575525894183,51.476009934113705,AOcnVju6RRyjcnnjmyP0Xg,51.476083568563006,-0.0734877301479534,5,2012,164.604450746005,136C5135-1F75-4D7A-93AE-62CE72EC68A3,615398,615398_d,d
110,615397_d,10,0.3508258084384015,High-density,615397,E00020195,E00020195,E01004013,843949,-0.0734884457061827,51.475835399756896,8Dl016oUoxu_m-9msl1UIQ,51.4758318783766,-0.0733911986554748,5,2012,164.604450746005,136C5135-1F75-4D7A-93AE-62CE72EC68A3,615397,615397_d,d
112,615152_d,6,0.1533321524988778,Other green,615152,E00020195,E00020195,E01004013,843644,-0.0740618888048958,51.476541187906506,zw4H_z94-_4Yjd95Oam-rQ,51.476505589411104,-0.0742215406987862,5,2012,262.196512712965,F1C7AE62-65F0-409E-9325-B9B4FBFD4F84,615152,615152_d,d
113,615155_d,2,0.2893932948960196,Other green,615155,E00020195,E00020195,E01004013,843647,-0.0742312101558344,51.4766706563877,t3HtWNUIp84O5x5cNbX53A,51.4766199952721,-0.0741764637578977,5,2012,262.196512712965,F1C7AE62-65F0-409E-9325-B9B4FBFD4F84,615155,615155_d,d
114,615373_d,9,0.0300542851848437,Low-density,615373,E00020195,E00020195,E01004013,843917,-0.0742963476174844,51.4756996101737,c4Uu7yBrjZv3AiiUHxDK4Q,51.4756913994265,-0.0742596101630944,5,2012,164.977730528684,A273067D-915C-490F-86B5-BA8050F30A17,615373,615373_d,d
115,615371_d,2,0.1651697346479761,Other green,615371,E00020195,E00020195,E01004013,843915,-0.074595352223346,51.4758829517117,eTWPFa16Z_tfUSSAZZ3gcw,51.475882229629,-0.0745886269397017,5,2012,164.98489521785,A273067D-915C-490F-86B5-BA8050F30A17,615371,615371_d,d
116,615396_d,10,0.1823058590456333,High-density,615396,E00020195,E00020195,E01004013,843948,-0.0734193393339051,51.4756608653599,py6cK66ySgBLNg1klpB63w,51.475675021947495,-0.0733303886782256,5,2012,164.604450746005,136C5135-1F75-4D7A-93AE-62CE72EC68A3,615396,615396_d,d
118,615370_d,9,0.3042478561248103,Low-density,615370,E00020195,E00020195,E01004013,843914,-0.0748757871831379,51.4758422548444,8Mi12V7mR5mYCoSZcGJ13Q,51.4758496530127,-0.0748700656798493,6,2008,75.41108126712541,A273067D-915C-490F-86B5-BA8050F30A17,615370,615370_d,d
119,615151_d,2,0.3140286752428312,Other green,615151,E00020195,E00020195,E01004013,843643,-0.0737757135830205,51.4765609065141,_Vaum-DtW7ETBugZhMQF7g,51.4765558287514,-0.0737052246537604,5,2012,262.19651271308203,F1C7AE62-65F0-409E-9325-B9B4FBFD4F84,615151,615151_d,d
120,615399_d,10,0.5656528322284758,High-density,615399,E00020195,E00020195,E01004013,843951,-0.0736266599836198,51.4761844684303,lkMm-KJZ3qfaHJISbB3BSA,51.4762489664042,-0.0735489287528374,5,2012,164.604450746005,136C5135-1F75-4D7A-93AE-62CE72EC68A3,615399,615399_d,d
121,623518_d,13,0.4622197286228401,Estates,623518,E00019815,E00019815,E01003940,855215,-0.0866202820905367,51.4987410512848,RDynepXctHqbd8df2h-tpg,51.4987765315691,-0.0866089451288518,9,2009,94.8006843746873,147641E4-87CD-4777-BBA4-FC8D4C92EF24,623518,623518_d,d
124,623750_d,13,0.1682402089389046,Estates,623750,E00019815,E00019815,E01003940,855541,-0.0862439788488349,51.498239683189794,wfEzyHhe0Uq6ZjTaqrGc1w,51.49824313305179,-0.0862791282416077,9,2009,246.252701617219,997A0FF9-C8EF-44F3-9D83-BD1BAE732939,623750,623750_d,d
126,623500_d,10,0.3530703703666941,High-density,623500,E00019815,E00019815,E01003940,855192,-0.0860861693653089,51.498472548940704,w9Rzgz3mQ3eFeKroV8t59g,51.4984309646264,-0.0860662803146865,9,2009,163.85566121971598,4425D14B-311F-43F5-A3C4-EE1123640151,623500,623500_d,d
128,623514_d,13,0.3048905076807129,Estates,623514,E00019815,E00019815,E01003940,855210,-0.0859554597518104,51.4989794364089,Djv88nFv4s775UE8ABdDug,51.4990240188282,-0.0859444628952626,6,2012,199.021938755681,E238939B-5038-4C18-8C1B-8BB8138931E8,623514,623514_d,d
129,617549_d,10,0.1019799010551548,High-density,617549,E00019815,E00019815,E01003940,846840,-0.0853330768069936,51.4990122999128,mCeAj45eBRpQfWacgiEBUw,51.49899995840139,-0.0852624664366805,6,2008,124.045666486578,CCC5DE3E-AA0C-491F-AC2B-BF29D65A6228,617549,617549_d,d
130,623713_d,6,0.3166279867212754,Other green,623713,E00019815,E00019815,E01003940,855491,-0.0859866095733273,51.4970704766257,4sbCjSQ4mcLfB3QmOb5_uA,51.497341259801104,-0.085878084426372,9,2009,200.15912379245,4EC21291-C31C-40E8-9EE8-0DAA8D62E5A4,623713,623713_d,d
132,623722_d,13,0.5506741975601539,Estates,623722,E00019815,E00019815,E01003940,855503,-0.0862820106123272,51.4974998712711,g4BY_OOgu2jYcOLV2Q5ykQ,51.497483644969215,-0.0863546696218195,6,2012,226.605043465833,625308FF-A7CA-4B3F-A471-5FFE2972363A,623722,623722_d,d
133,623513_d,13,0.2077742422223184,Estates,623513,E00019815,E00019815,E01003940,855209,-0.0860564316127176,51.4988110535945,d07zJyKB7_x3LtKSiCE9Xw,51.4988730175389,-0.0860357586525155,9,2009,199.021938755654,E238939B-5038-4C18-8C1B-8BB8138931E8,623513,623513_d,d
135,623503_d,13,0.2766952589927955,Estates,623503,E00019815,E00019815,E01003940,855195,-0.0866675431609851,51.4984026915313,F_hJGAIZESYGQiJ60z3tSA,51.4981838490295,-0.086527071834962,9,2009,246.252701617219,997A0FF9-C8EF-44F3-9D83-BD1BAE732939,623503,623503_d,d
137,623517_d,13,0.3874364023475913,Estates,623517,E00019815,E00019815,E01003940,855214,-0.086851581179916,51.49884820891621,I1oGHJ5dgSUxszjurAjkTQ,51.49885607928911,-0.0867779604424851,9,2009,125.087664092376,5C497036-E251-474F-95C4-FE8A9125DBCE,623517,623517_d,d
140,629407_d,10,0.0714775266524246,High-density,629407,E00015376,E00015376,E01003051,862980,-0.103507699051197,51.464115946637705,tAj8kJ2BnvN01SvwEW0olQ,51.4639444218695,-0.103538292405006,5,2012,185.31307731296903,469A14B3-D60A-4181-A1E7-B867F86B6365,629407,629407_d,d
143,629411_d,13,0.375013355992101,Estates,629411,E00015376,E00015376,E01003051,862984,-0.103692381955664,51.463406961238,y8FuHEU4d1ZWnLpovA6tlw,51.463468465702896,-0.103622796159062,5,2012,190.96493913348,469A14B3-D60A-4181-A1E7-B867F86B6365,629411,629411_d,d
145,629420_d,13,0.3417820055823254,Estates,629420,E00015376,E00015376,E01003051,862993,-0.10439000749938,51.4618553117871,_1I7-fnnsVF3Ua_vKDXOBw,51.4618499322444,-0.104385043242179,6,2008,202.276263355833,469A14B3-D60A-4181-A1E7-B867F86B6365,629420,629420_d,d
152,629415_d,13,0.3260797672067594,Estates,629415,E00015376,E00015376,E01003051,862988,-0.103940554888941,51.4627046993853,mIueNqnS8T19l0lSNx3Stw,51.4626860142225,-0.1038835108556769,6,2008,190.93209714739496,469A14B3-D60A-4181-A1E7-B867F86B6365,629415,629415_d,d
154,635930_d,10,0.132986155863033,High-density,635930,E00015597,E00015597,E01003093,871999,-0.122557306508293,51.470269590956,Ej4msF-NvRDz4G-GvwxT4A,51.47026381527312,-0.12256206572037,5,2012,241.31385242626095,8A6C5DF3-EA18-44B6-AFBD-947B44784B23,635930,635930_d,d
156,635508_d,10,0.1555249416479953,High-density,635508,E00015597,E00015597,E01003093,871434,-0.122211040231827,51.4702646990412,8j9YcOz1poGyTVwigE4LsQ,51.4702719747249,-0.122196352804508,10,2009,145.62544975212,09F7A318-3761-441C-B1D6-E40DEC338C20,635508,635508_d,d
157,635515_d,10,0.2372276023018067,High-density,635515,E00015597,E00015597,E01003093,871443,-0.121726110219082,51.470548387993794,sxK89r-8mV9OSGyGnwNDrQ,51.47057556763829,-0.121670714069444,5,2012,240.385733828667,E0A6A6B0-E76F-4D42-AA8A-D40DBB1969D6,635515,635515_d,d
159,635513_d,10,0.4937920441153911,High-density,635513,E00015597,E00015597,E01003093,871440,-0.121821794995251,51.470271666825,Vbv_xJt8N8FdAeeXQa-UiQ,51.470266662178496,-0.121777874252357,5,2012,151.288774030033,26AD50B6-868F-41B8-8135-F7352006B156,635513,635513_d,d
160,635933_d,13,0.2501048110798679,Estates,635933,E00015597,E00015597,E01003093,872003,-0.122599482977388,51.4693680629443,VKduEaFxRP_0uOr5qbtivA,51.469334545028886,-0.122512841875167,5,2012,142.772355712539,39EB7FFD-5CEA-4E59-B8EB-487FAB40569F,635933,635933_d,d
161,635938_d,10,0.3010468557437924,High-density,635938,E00015597,E00015597,E01003093,872009,-0.122281481948672,51.46970660905729,xwKkA8PEUUU2KjvIw5T8YQ,51.469685335662405,-0.122295285326217,10,2009,236.140585835582,EFB40591-AC82-4BB2-B0BA-740F66D44129,635938,635938_d,d
163,635931_d,10,0.2894701542526486,High-density,635931,E00015597,E00015597,E01003093,872000,-0.122813307260028,51.4701873590838,rgGFvOCcsd7IUE6naQBwcQ,51.4702171806378,-0.122697786000989,5,2012,241.31385242626095,8A6C5DF3-EA18-44B6-AFBD-947B44784B23,635931,635931_d,d
164,635528_d,13,0.3867664946343054,Estates,635528,E00015597,E00015597,E01003093,871466,-0.121574916221514,51.4697743067143,DKg832hX0IdBXT6a89u7kA,51.4697936377831,-0.121559710030804,5,2012,142.784858108405,CE108513-1977-43B0-AF88-55616C501234,635528,635528_d,d
166,635937_d,10,0.4847330317888891,High-density,635937,E00015597,E00015597,E01003093,872008,-0.122524569388085,51.4696103001098,VQloc5_SN3exYQ4KLT8Nbg,51.469633459341495,-0.1224316963033,5,2012,236.140585835582,EFB40591-AC82-4BB2-B0BA-740F66D44129,635937,635937_d,d
169,635939_d,15,0.1181879822418716,Commercial,635939,E00015597,E00015597,E01003093,872010,-0.122038374017838,51.469802898311904,Qi7CndIuJba6NXj3se2QAQ,51.4697700559876,-0.12206725889477,10,2009,236.14930675135895,EFB40591-AC82-4BB2-B0BA-740F66D44129,635939,635939_d,d
174,635716_d,10,0.1975602020367741,High-density,635716,E00015598,E00015598,E01003093,871692,-0.122287639319365,51.47084093932701,XumFyvXBfExVPFIxBox8uw,51.4709264887912,-0.122217942059648,10,2009,201.387048811281,87A20E71-F52D-4D6B-9C5C-B348E84B23E7,635716,635716_d,d
175,635894_d,10,0.3190939610662855,High-density,635894,E00015598,E00015598,E01003093,871957,-0.123815296888393,51.4695187725274,U5004cro5Onqunh71shs4Q,51.469580805226,-0.123811386837861,7,2008,158.428692808745,C72120CF-5874-4B9D-BADA-070F514E3DD0,635894,635894_d,d
179,635892_d,10,0.1028202555751474,High-density,635892,E00015598,E00015598,E01003093,871955,-0.124070188149407,51.4698368620487,dmpaM9DUcDbTOplXNBGz4Q,51.469834044504296,-0.124006938942909,5,2012,140.989447747274,C72120CF-5874-4B9D-BADA-070F514E3DD0,635892,635892_d,d
181,635924_d,10,0.001,High-density,635924,E00015598,E00015598,E01003093,871991,-0.12288645398988,51.4707146005293,uJybq1kd9moIaEaM4M-9KQ,51.47074836600861,-0.122762292023522,10,2009,240.995059956273,BA5CD2E9-4528-41A0-9E31-8EAB0645107B,635924,635924_d,d
186,635925_d,10,0.4573164781837096,High-density,635925,E00015598,E00015598,E01003093,871992,-0.123141739310136,51.4706315026416,T-OqDyjWwkqbHTqQuQImTg,51.4706253990106,-0.123168480292487,10,2009,241.017212227742,BA5CD2E9-4528-41A0-9E31-8EAB0645107B,635925,635925_d,d
187,615783_d,9,0.0152691849273621,Low-density,615783,E00020382,E00020382,E01004050,844456,-0.0818144181807725,51.46826021376861,ldOBEnGAhzEraY3SH4Ttow,51.4683544830845,-0.0815482051567348,5,2012,62.342972980913295,796B4AF1-FA1F-4CEB-BF1D-D6A6F12466BD,615783,615783_d,d
189,615791_d,13,0.0912830946600319,Estates,615791,E00020382,E00020382,E01004050,844465,-0.079690600101332,51.4685163886979,eUkR7qq25Lb4ZidQTG5ecw,51.4685277692606,-0.0796232181493322,5,2012,156.571307191255,796B4AF1-FA1F-4CEB-BF1D-D6A6F12466BD,615791,615791_d,d
190,615786_d,14,0.2394913649830067,Low-density,615786,E00020382,E00020382,E01004050,844460,-0.0807808849158753,51.46857723435871,9tTkW_GaVAldcm0dGssSbw,51.46859286090879,-0.0807596044700553,5,2012,71.97090599220941,796B4AF1-FA1F-4CEB-BF1D-D6A6F12466BD,615786,615786_d,d
192,615789_d,8,0.001,Low-density,615789,E00020382,E00020382,E01004050,844463,-0.0799730084458299,51.468762694152495,Vt9lNK5RdaNoEoOt2re58Q,51.468770814758905,-0.0800603889812299,7,2008,71.9436521391802,796B4AF1-FA1F-4CEB-BF1D-D6A6F12466BD,615789,615789_d,d
194,615792_d,10,0.001,High-density,615792,E00020382,E00020382,E01004050,844466,-0.0795831080162951,51.4683496031097,-hQd1UQSwQFnXYHJQL0E9A,51.46836457640861,-0.0795241405945558,6,2008,156.571307191255,796B4AF1-FA1F-4CEB-BF1D-D6A6F12466BD,615792,615792_d,d
196,615778_d,4,0.0644932919090187,Low-density,615778,E00020382,E00020382,E01004050,844449,-0.0795286641487254,51.4676464236311,aath80QK4qd-XL5WXpBZuw,51.46765755198141,-0.0795350314623664,6,2008,257.17560189776503,A3B03B30-DEA5-4DE2-9D1D-2FF1456B8689,615778,615778_d,d
197,615796_d,11,0.1685826907825426,Open green space,615796,E00020382,E00020382,E01004050,844471,-0.0777223182082229,51.4679780479142,Mlq8cypvMHUVlXH9mH7DVw,51.468061619391406,-0.077667749768006,7,2008,194.470294100066,DF9C8AC6-ADE0-455B-AE7B-75D19EBCC423,615796,615796_d,d
199,615794_d,6,0.001,Other green,615794,E00020382,E00020382,E01004050,844468,-0.0793681261578545,51.4680160316487,MItVjQoFdUoIRPEZETX_Yw,51.46802692840429,-0.0793211107634719,6,2008,257.17560189776503,A3B03B30-DEA5-4DE2-9D1D-2FF1456B8689,615794,615794_d,d
200,615785_d,9,0.1976125986642664,Low-density,615785,E00020382,E00020382,E01004050,844459,-0.0810392695583499,51.468497980081,3mDoyr6asI5sHjeGRqVWuw,51.468508954543,-0.0810455326267561,7,2008,71.97090599220941,796B4AF1-FA1F-4CEB-BF1D-D6A6F12466BD,615785,615785_d,d
203,615775_d,4,0.2434405256703004,Low-density,615775,E00020382,E00020382,E01004050,844446,-0.0803754254589421,51.4675405285353,ZU6gQ21O42hbvuhuDr-7Vg,51.4675323173979,-0.080408373769606,7,2008,257.17560189776503,A3B03B30-DEA5-4DE2-9D1D-2FF1456B8689,615775,615775_d,d
205,615788_d,0,0.2971510265719354,Terraced,615788,E00020382,E00020382,E01004050,844462,-0.080248977363388,51.468711546356,nxN5MDMQM8bX5RoC2CG8qw,51.4687336872964,-0.0801970460470802,5,2012,71.9436521391802,796B4AF1-FA1F-4CEB-BF1D-D6A6F12466BD,615788,615788_d,d
207,615737_d,2,0.001,Other green,615737,E00020382,E00020382,E01004050,844392,-0.0776747248119865,51.4680818920432,VGO26GoI1GOPmb_uXJKuVg,51.4680778743321,-0.0776772102275788,5,2012,194.470294100066,DF9C8AC6-ADE0-455B-AE7B-75D19EBCC423,615737,615737_d,d
208,615790_d,4,0.0697282623904967,Low-density,615790,E00020382,E00020382,E01004050,844464,-0.0797980929569292,51.46868317419111,aj9RGSP6xmN8AxjHXQ32ag,51.468714378457,-0.0797359032312069,5,2012,156.571307191255,796B4AF1-FA1F-4CEB-BF1D-D6A6F12466BD,615790,615790_d,d
211,615766_d,0,0.001,Terraced,615766,E00020382,E00020382,E01004050,844430,-0.0816297716899094,51.46744151341972,_1ElUOhJNr9vblUsvZs7iA,51.467456312893496,-0.0815849574987298,6,2008,243.434948822922,CF173F5B-ABD0-43A1-B6A2-526FCE433937,615766,615766_d,d
212,615784_d,4,0.331024041384357,Low-density,615784,E00020382,E00020382,E01004050,844458,-0.0812976533166607,51.4684187252234,PPvs0BywqVSGk9cFCBZAuA,51.468429110454295,-0.0812947581820401,6,2008,62.342972980913295,796B4AF1-FA1F-4CEB-BF1D-D6A6F12466BD,615784,615784_d,d
215,615787_d,4,0.3448332106142758,Low-density,615787,E00020382,E00020382,E01004050,844461,-0.0805224993892352,51.468656488056496,Mg9gpZqGGnZ6CoWETjsJfQ,51.468665448657205,-0.0805080824966051,6,2008,71.97090599220941,796B4AF1-FA1F-4CEB-BF1D-D6A6F12466BD,615787,615787_d,d
217,615392_d,0,0.1242426442299633,Terraced,615392,E00020202,E00020202,E01004013,843944,-0.0736470303418034,51.4752773477946,h7Nhnlo_uCaPloaXroPhtQ,51.4752844062035,-0.0734514921776958,6,2008,259.919402012458,6E66FF67-B345-4AD4-881A-F329F1814768,615392,615392_d,d
219,615374_d,13,0.3387633757203768,Estates,615374,E00020202,E00020202,E01004013,843918,-0.0750204583512095,51.4751697752707,qflDlPr1qzBdYJb4qWJ-8w,51.4750414825154,-0.0749285036231072,5,2012,169.75441624816298,37388D12-F1FF-4FA0-9C7A-54B3D8AB5C60,615374,615374_d,d
221,615379_d,10,0.4001511506634168,High-density,615379,E00020202,E00020202,E01004013,843927,-0.074945534137418,51.4747569360654,geTcQz30dnGVMEhcKEbEUw,51.47481954623061,-0.0748844181349562,5,2012,185.851616890196,37388D12-F1FF-4FA0-9C7A-54B3D8AB5C60,615379,615379_d,d
223,294368_d,6,0.3236016840045896,Other green,294368,E00020202,E00020202,E01004013,408980,-0.0721716083227137,51.4739991183728,_R1JdglmOiw6F9p5-aQgVQ,51.474351299475295,-0.0718785670462665,6,2008,183.02413544995,81A9D703-B7E4-4D46-B044-84B4CCE25213,294368,294368_d,d
232,288212_d,0,0.072019682460918,Terraced,288212,E00016905,E00016905,E01003336,400756,-0.0428804051744079,51.4618907278137,EFEt3YYNyHu5oKqm9x0-Rw,51.4618810032106,-0.0428619349150452,5,2012,223.72696997994305,CACA4246-644A-403E-9E3D-F1F929F71E8B,288212,288212_d,d
235,289155_d,0,0.2648004757865375,Terraced,289155,E00016905,E00016905,E01003336,401923,-0.0418197511983878,51.461742164947005,u1HsnqeEG6oHTF6QCd5zdQ,51.4617363434581,-0.0418081966632887,6,2008,224.563950012803,49732F19-7B18-44DF-A1FC-239161090711,289155,289155_d,d
236,289157_d,0,0.3452569998345546,Terraced,289157,E00016905,E00016905,E01003336,401925,-0.0414050060312909,51.4619915167792,20RU9I6137Nscf_ZzrNiRQ,51.46197274962461,-0.0414114560483911,6,2008,224.56395001273495,49732F19-7B18-44DF-A1FC-239161090711,289157,289157_d,d
238,288239_d,10,0.1661254728409269,High-density,288239,E00016905,E00016905,E01003336,400787,-0.0411849045734164,51.4621238437872,4uDmz_V0c0rJY_WkMXaNwQ,51.4621497558735,-0.0411142677923472,6,2008,224.56395001273495,49732F19-7B18-44DF-A1FC-239161090711,288239,288239_d,d
240,288241_d,10,0.3698455638486528,High-density,288241,E00016905,E00016905,E01003336,400790,-0.0405413328508621,51.46222321970039,EgZ2rKp74sxmN_chVlBPEw,51.4623587214717,-0.0407666409349514,6,2008,223.628909202715,54D9BE2B-8E4B-4EAC-B917-1DDBA8D44B66,288241,288241_d,d
243,288243_d,10,0.4759107438729931,High-density,288243,E00016905,E00016905,E01003336,400796,-0.041045764976309,51.46251684250111,L_9y7BEq51oJF-uqvIE9yA,51.4623705569796,-0.0407676752010632,5,2012,223.628909202715,54D9BE2B-8E4B-4EAC-B917-1DDBA8D44B66,288243,288243_d,d
245,289156_d,0,0.0285944348411355,Terraced,289156,E00016905,E00016905,E01003336,401924,-0.0416123791797636,51.4618668410538,oU0b1WzUD4UJlb_6NGymhg,51.461880224911496,-0.0415675857451597,6,2008,224.563950012803,49732F19-7B18-44DF-A1FC-239161090711,289156,289156_d,d
247,289154_d,0,0.2806859860091326,Terraced,289154,E00016905,E00016905,E01003336,401922,-0.0420271220871696,51.46161748845879,gC0Oh3_orPHZH8qj3aYx0A,51.4616167440738,-0.0420130391679363,5,2012,224.563950012803,49732F19-7B18-44DF-A1FC-239161090711,289154,289154_d,d
250,288217_d,14,0.0210008461420554,Low-density,288217,E00016905,E00016905,E01003336,400761,-0.0418453465824447,51.4625152814476,6bcCPxzBx69o0ureRtbwhg,51.4623004585384,-0.0421637466242665,5,2012,224.45851167044103,AC889256-4B4E-4F75-9338-5E7279C5F002,288217,288217_d,d
252,581929_d,6,0.2271949052226928,Other green,581929,E00021554,E00021554,E01004280,801059,-0.0250518805309187,51.4945460639005,V5sx4VAbB7twfDVgPUCJAA,51.494636524826,-0.025001642869608,10,2009,145.897442987453,57374AB7-746D-4FC8-9A7F-930B7C791513,581929,581929_d,d
253,581928_d,6,0.267255454422896,Other green,581928,E00021554,E00021554,E01004280,801058,-0.0252071501306869,51.4946974901861,p2Vjo2D5RdGA5lPiNXaCDA,51.4947662086732,-0.0252621506047349,7,2008,145.832964475021,57374AB7-746D-4FC8-9A7F-930B7C791513,581928,581928_d,d
254,581942_d,14,0.001,Low-density,581942,E00021554,E00021554,E01004280,801086,-0.0241336903425248,51.49581121714001,3LpcicvLeHtmNT9c6oPYEQ,51.495879882619896,-0.0241283932689294,6,2012,167.06194368281402,39842F91-AFBB-4A50-924B-31B20ADDE1A5,581942,581942_d,d
259,616605_d,15,0.3362718506546001,Commercial,616605,E00020052,E00020052,E01003975,845622,-0.0729252319991011,51.49578060802939,qvS-F4A-RhY7YgshiPWN5g,51.4957900674191,-0.0730531796697281,6,2008,248.629377730657,CE202527-1DD5-44DD-81A9-EC90B94CFEE8,616605,616605_d,d
260,616345_d,15,0.3864700451841832,Commercial,616345,E00020052,E00020052,E01003975,845243,-0.0728105042469245,51.49604105120071,RfCALi21t1diX02lNDXNUg,51.49581563356279,-0.0727076698586292,6,2008,261.869897645844,6F7BFBB6-6A08-4062-AC55-67B81722A1CC,616345,616345_d,d
261,616592_d,15,0.3486874830315046,Commercial,616592,E00020052,E00020052,E01003975,845603,-0.073274979698951,51.4957455245341,IQgzVRBm_CJo6bt3w4ZO9g,51.4958044084555,-0.0731611583711366,5,2012,248.629377730657,CE202527-1DD5-44DD-81A9-EC90B94CFEE8,616592,616592_d,d
262,616358_d,15,0.138505217658575,Commercial,616358,E00020052,E00020052,E01003975,845268,-0.0718827452782379,51.49608461239,8JS8yNAXSGXm07FF5JftcA,51.4958757031573,-0.0720032732651498,6,2008,260.837652954278,C333A443-B2FB-4C5A-83BB-1262D14AB168,616358,616358_d,d
265,616601_d,10,0.171655408898194,High-density,616601,E00020052,E00020052,E01003975,845615,-0.072036317079273,51.49737250717261,jIjFk3qWjDNGC3LjAyzbhw,51.49740110676021,-0.0720626458680212,5,2012,127.775684305988,31651B34-9980-4626-8851-116287A91EF8,616601,616601_d,d
267,616374_d,6,0.1282731650850856,Other green,616374,E00020052,E00020052,E01003975,845292,-0.0701902492654263,51.4960366948301,2LqRkpKhn90SB8iiyEpBWg,51.4960471372559,-0.070188856475271,9,2009,165.915790214739,E0A4C21D-0109-4DC0-BCA4-65B900FA2D19,616374,616374_d,d
268,616362_d,15,0.1565934306990584,Commercial,616362,E00020052,E00020052,E01003975,845277,-0.0713722626508659,51.4969872754846,zqjTzd4_qvOVuAuTu_a8lw,51.497004530907496,-0.0713429409964674,7,2009,126.830260308988,EFEF06B8-F5EA-43E1-866E-A22F19F21C05,616362,616362_d,d
269,616372_d,10,0.4072845794383377,High-density,616372,E00020052,E00020052,E01003975,845290,-0.0707556993482519,51.49596797235461,OPswqLRkRwWYBbIaXQd-qw,51.4959591805196,-0.0708242770283697,5,2012,258.042749294357,5CFDBFD0-1CDD-4C78-B3D4-BE71E071E175,616372,616372_d,d
270,616357_d,15,0.2539787303526736,Commercial,616357,E00020052,E00020052,E01003975,845265,-0.0717715963838363,51.497237333078,PKwsRMW2gU2fm5Qwi31szQ,51.497210377677895,-0.0716900092157875,5,2012,127.775684305988,31651B34-9980-4626-8851-116287A91EF8,616357,616357_d,d
271,616363_d,10,0.1428693182652233,High-density,616363,E00020052,E00020052,E01003975,845278,-0.0711862648816993,51.4968504259062,Zay73nH9igq02XNiOTdRLQ,51.4968861970209,-0.0712136199866428,7,2009,126.830260308988,EFEF06B8-F5EA-43E1-866E-A22F19F21C05,616363,616363_d,d
272,581956_d,9,0.001,Low-density,581956,E00021553,E00021553,E01004280,801116,-0.0249149786195222,51.4963311957219,VsWIED0Fg4P3-0kzqSOtKg,51.4963424400696,-0.0249523795001487,10,2009,267.137594773888,F6FC44C7-DCCB-47A0-830E-B63897175537,581956,581956_d,d
275,581958_d,4,0.0043834985813392,Low-density,581958,E00021553,E00021553,E01004280,801120,-0.0240168546110759,51.4963507878022,saNHzIEbSYsKv04MTK68ew,51.4963694222128,-0.0240257589930967,10,2009,267.137594773888,F6FC44C7-DCCB-47A0-830E-B63897175537,581958,581958_d,d
278,581972_d,13,0.3467274053032805,Estates,581972,E00021553,E00021553,E01004280,801149,-0.0239400460616272,51.496891610623,DWIGiTKG2zffo-GllnGvDA,51.49689024274901,-0.0238676369512516,10,2009,266.203948373518,684F4EC5-2E9B-4BCE-8968-5A91F35732BC,581972,581972_d,d
280,581970_d,9,0.2681389484192106,Low-density,581970,E00021553,E00021553,E01004280,801147,-0.0233644160473709,51.4969057236838,scFXORt3mO7Wg8qR2lcuSQ,51.4969056592045,-0.0233764802263075,10,2009,266.203948373518,684F4EC5-2E9B-4BCE-8968-5A91F35732BC,581970,581970_d,d
281,582031_d,13,0.5232683860960761,Estates,582031,E00021553,E00021553,E01004280,801235,-0.0246377837452835,51.4973060705313,te7Pl_Zze_K2a_kfYLtoRQ,51.4973001978872,-0.0246003467174961,6,2012,175.17478307302505,E8CDE2C3-57FB-4D78-B31D-550081929EA2,582031,582031_d,d
285,581946_d,2,0.0490761579710186,Other green,581946,E00021553,E00021553,E01004280,801090,-0.0230931162431043,51.4958802281864,cv1b3FP5PGAomzgz6E_k5Q,51.49639676284821,-0.0231022451024001,10,2009,264.999355402442,07CF4E68-55E2-4580-9617-B2140ECF3708,581946,581946_d,d
287,581957_d,15,0.1984405401490442,Commercial,581957,E00021553,E00021553,E01004280,801117,-0.0246270212025974,51.4963353268108,PEsMRMeJ_K1IFJLBkPLcQA,51.4963505209783,-0.0247260667098819,6,2012,267.137594773888,F6FC44C7-DCCB-47A0-830E-B63897175537,581957,581957_d,d
293,727814_d,6,0.0924590727144715,Other green,727814,E00021553,E00021553,E01004280,999684,-0.0257913014098753,51.4964848363808,WbZitlGKDOORjuQIi2-PsQ,51.4963757265646,-0.0257305747882801,10,2009,173.917525472164,5F0288A6-2CDA-49C1-8DF8-508100207FB5,727814,727814_d,d
297,615799_d,9,0.001,Low-density,615799,E00020380,E00020380,E01004050,844478,-0.0779316366987059,51.4685937343744,padVe5zINZSkjHLaVutOxQ,51.4686360264008,-0.0779026854379933,5,2012,170.781488148383,2E2C62DC-1361-4427-89A2-3EDB1FDCA759,615799,615799_d,d
298,615801_d,10,0.5000715280044685,High-density,615801,E00020380,E00020380,E01004050,844480,-0.0779829152187445,51.4689499933026,LUNBKTs11DBewYDYpIYrKw,51.4689347501983,-0.0779514344309772,7,2008,170.78429027491,2E2C62DC-1361-4427-89A2-3EDB1FDCA759,615801,615801_d,d
299,615565_d,1,0.3106349017055185,Open green space,615565,E00020380,E00020380,E01004050,844160,-0.075988120501459,51.4689034847484,7YdGjAU_OaQ_7PR-TX0h3A,51.4689237665725,-0.0760369585793123,5,2012,164.985733737691,BCAAD5F2-D657-4FF3-974C-86A9C0238EB9,615565,615565_d,d
300,615800_d,8,0.001,Low-density,615800,E00020380,E00020380,E01004050,844479,-0.0779702668332851,51.46877189901,sJBVZ23aZfO19UQNoddnvA,51.468761027617504,-0.0779393711421556,7,2008,170.78429027491,2E2C62DC-1361-4427-89A2-3EDB1FDCA759,615800,615800_d,d
304,615740_d,1,0.1303481936899629,Open green space,615740,E00020380,E00020380,E01004050,844395,-0.0769749661433971,51.46839119717861,qk9FqpfWJE6gdVkIxwZhiQ,51.4683622002256,-0.0770540150441007,5,2012,228.21548399138695,9C5107FC-45C2-466A-9554-56F5E46C2034,615740,615740_d,d
307,615797_d,10,0.0567108882241408,High-density,615797,E00020380,E00020380,E01004050,844476,-0.0777785100968228,51.4682495907751,p-oifHk015tRHkSF61x1TQ,51.46827537015161,-0.0777286874573947,5,2012,194.470294100066,DF9C8AC6-ADE0-455B-AE7B-75D19EBCC423,615797,615797_d,d
312,615738_d,6,0.001,Other green,615738,E00020380,E00020380,E01004050,844393,-0.0774554510719999,51.46819837564721,lLtNErFEmv3UwkXTEPnhXg,51.4682202359083,-0.0773988132965421,7,2008,228.113911594782,9C5107FC-45C2-466A-9554-56F5E46C2034,615738,615738_d,d
315,629324_d,10,0.4093501715940371,High-density,629324,E00015377,E00015377,E01003051,862852,-0.107999561546366,51.463198717003294,pKMLoMOJ7xoTE0b5K6er-w,51.4631652439103,-0.1079687283979619,6,2008,142.204781621979,71450852-EE3D-4C09-889F-21B8EAA4C0FA,629324,629324_d,d
317,629483_d,6,0.001,Other green,629483,E00015377,E00015377,E01003051,863085,-0.111225476795016,51.4620684576529,uzzXDDkBOqKGeGsIZnHhFA,51.4620527296801,-0.111260007442731,6,2008,241.068399116762,493424AE-F79A-458B-9100-F2B9498EA147,629483,629483_d,d
319,629406_d,6,0.4191167326760643,Other green,629406,E00015377,E00015377,E01003051,862979,-0.103476008783997,51.46429464078921,_8ycNDdnqps1yjMqjBzhcw,51.46451775183121,-0.103690773836593,7,2009,240.84715009942,78324B92-B9A1-4F57-B0A2-C9D50EB45859,629406,629406_d,d
321,629370_d,13,0.3770363699440826,Estates,629370,E00015377,E00015377,E01003051,862925,-0.103885713706848,51.4644486422973,tjwyJ9N-BvdR9d7MApk5Qg,51.46449438058951,-0.103756563880452,7,2009,240.84715009942,78324B92-B9A1-4F57-B0A2-C9D50EB45859,629370,629370_d,d
322,629383_d,4,0.0525228205397955,Low-density,629383,E00015377,E00015377,E01003051,862938,-0.107070211940277,51.4632267791037,1pYBWMr35QO9m4kC9yG3fQ,51.4632415655,-0.107060685007437,7,2009,235.755716075628,78324B92-B9A1-4F57-B0A2-C9D50EB45859,629383,629383_d,d
323,629484_d,0,0.0842873498581239,Terraced,629484,E00015377,E00015377,E01003051,863086,-0.111480886895901,51.4619855683801,LJVdqKFoFhYP5KCSQQFimw,51.4619812723525,-0.111466080783232,5,2012,241.08700653541803,493424AE-F79A-458B-9100-F2B9498EA147,629484,629484_d,d
324,629516_d,15,0.2373780054486624,Commercial,629516,E00015377,E00015377,E01003051,863125,-0.110023199127617,51.4634404418779,ebbn2x0qkajJczTRV0rSSg,51.463443001774,-0.109953738303307,5,2012,252.825139801449,1C9D2BB2-A46B-4A36-8840-4B18E5DDA140,629516,629516_d,d
325,629323_d,10,0.2462957969202136,High-density,629323,E00015377,E00015377,E01003051,862851,-0.10822836006596,51.46330780261379,98MhOD8jIup6qNi1O8_P9w,51.4633300882348,-0.1081664269306,4,2012,125.873691731595,71450852-EE3D-4C09-889F-21B8EAA4C0FA,629323,629323_d,d
328,629357_d,13,0.1087992164712067,Estates,629357,E00015377,E00015377,E01003051,862896,-0.1075538546174119,51.4632490329385,ypCJk4pu4Qu7UKaqotPubQ,51.463264105422894,-0.107508416938245,6,2008,148.878520120413,C094A7AB-1830-442C-BC7D-C1234A017F95,629357,629357_d,d
331,629325_d,6,0.1469211625487116,Other green,629325,E00015377,E00015377,E01003051,862853,-0.107828515389133,51.463054209972,M0KRdf9mIsq-kY7QQINUoA,51.4630269843603,-0.107785381885533,6,2008,249.207145206432,808C7B1C-3785-4110-B534-66FF72FE0643,629325,629325_d,d
335,629481_d,6,0.0642150420260697,Other green,629481,E00015377,E00015377,E01003051,863083,-0.110714633973862,51.46223421059939,UzT4b-cnR1Wpl0IZqn943w,51.4622715585324,-0.110617230035617,5,2012,241.073574164746,493424AE-F79A-458B-9100-F2B9498EA147,629481,629481_d,d
336,289120_d,6,0.0865586418564245,Other green,289120,E00016908,E00016908,E01003336,401878,-0.0450202409963801,51.46094968377461,3bzcOGA9sP1w9h2ZWLEdEA,51.46104365627,-0.0449555313964774,10,2009,258.77420223726,16E14A27-7A68-43E2-B7A4-36A09455C36D,289120,289120_d,d
338,289119_d,10,0.1685561081407203,High-density,289119,E00016908,E00016908,E01003336,401877,-0.0450225087827197,51.460769899601296,LFIFh6qfrej0OA5VV_lzUQ,51.46083151061979,-0.0449835760810984,5,2012,182.38011714356605,16E14A27-7A68-43E2-B7A4-36A09455C36D,289119,289119_d,d
339,289092_d,1,0.21620246567732,Open green space,289092,E00016908,E00016908,E01003336,401849,-0.0435985081196657,51.4609265726201,qeBhiJb74ACdVT8Kb96MFQ,51.46088707222491,-0.0435745152408988,10,2009,176.06982445427502,0CCA4367-2B0F-4DAD-BF02-75EA85D66A33,289092,289092_d,d
340,289116_d,10,0.3693712347238297,High-density,289116,E00016908,E00016908,E01003336,401874,-0.045068767510924,51.460231485435706,KpkhvugBqOAohOCM7vkDxQ,51.460219606954496,-0.0450359793856033,5,2012,183.094058060176,16E14A27-7A68-43E2-B7A4-36A09455C36D,289116,289116_d,d
341,289117_d,10,0.5075676187918716,High-density,289117,E00016908,E00016908,E01003336,401875,-0.0450491458623149,51.4604108568902,9jPryUMajWa1CllMiWf4FA,51.460390933733386,-0.0449964130194205,5,2012,182.38011714333305,16E14A27-7A68-43E2-B7A4-36A09455C36D,289117,289117_d,d
344,289118_d,10,0.459744819796733,High-density,289118,E00016908,E00016908,E01003336,401876,-0.04502952404079,51.4605902283346,5xmSRgJuuUIdmALpfAP44A,51.4605708578538,-0.0449856047293139,5,2012,182.38011714356605,16E14A27-7A68-43E2-B7A4-36A09455C36D,289118,289118_d,d
347,289064_d,0,0.0849804614307971,Terraced,289064,E00016908,E00016908,E01003336,401815,-0.0441618182568005,51.4603564782767,-PWgQYWOw_efT6M7rFq8wg,51.460361813083104,-0.0441385306433657,5,2012,176.18592516571,DF5D9485-8128-45E8-8B85-53F473EFE9E1,289064,289064_d,d
350,289115_d,10,0.2571544026944812,High-density,289115,E00016908,E00016908,E01003336,401873,-0.0450898407030253,51.4600521815909,Rs72IDUOJCCYG2FgTVOUbw,51.4601324314202,-0.0450225779953422,5,2012,183.094058060176,16E14A27-7A68-43E2-B7A4-36A09455C36D,289115,289115_d,d
351,618541_d,1,0.0269745389372936,Open green space,618541,E00015379,E00015379,E01003051,848152,-0.103027431132872,51.4616091945146,hxwv5cLEzqll39TBZlwTtQ,51.4616034409383,-0.102971222272674,5,2012,192.225122675736,123686A2-07AF-4067-8E2B-94C4295C84B7,618541,618541_d,d
354,618537_d,11,0.001,Open green space,618537,E00015379,E00015379,E01003051,848148,-0.102750836147094,51.4623072971134,pk0xKkQyKgMgyafTjQUctA,51.4622893938881,-0.102724964130091,6,2008,192.528807709152,123686A2-07AF-4067-8E2B-94C4295C84B7,618537,618537_d,d
355,618534_d,1,0.2350741003865369,Open green space,618534,E00015379,E00015379,E01003051,848145,-0.102541753148574,51.4628306221219,fxfDUTycSn3Y9Y38ZTWbuw,51.4628411425282,-0.102539688152594,5,2012,192.528807709152,123686A2-07AF-4067-8E2B-94C4295C84B7,618534,618534_d,d
358,629429_d,2,0.001,Other green,629429,E00015379,E00015379,E01003051,863010,-0.103136657904665,51.4613294887387,vd5zcTiXvOgilUkMpl6_oQ,51.4613201414596,-0.103093140353881,5,2012,192.847704858718,67C92BF1-B2BF-406C-9108-7EE613E25255,629429,629429_d,d
360,618535_d,11,0.1453798646518525,Open green space,618535,E00015379,E00015379,E01003051,848146,-0.1026114480294969,51.4626561805043,rIfPsCQt3SXte3mMWe9lLA,51.4626344981219,-0.102565232865343,5,2012,183.947019664595,A7221DBC-65B6-4182-9488-3A0561E51275,618535,618535_d,d
363,618617_d,1,0.0861743643289055,Open green space,618617,E00015379,E00015379,E01003051,848240,-0.10165950739167,51.463997398187104,dzn8nfXrLvfC7yz0EUy1tw,51.4639863021591,-0.102122222211994,6,2008,186.44160009933495,B9AC6061-4B43-4830-8ADD-A61E1715E4A8,618617,618617_d,d
365,618602_d,11,0.1293925115345796,Open green space,618602,E00015379,E00015379,E01003051,848221,-0.102400494562238,51.463233938346605,y768cZz4z-aDlI5axF8YmQ,51.4632876612982,-0.10233062055291,5,2012,190.856413348062,B9AC6061-4B43-4830-8ADD-A61E1715E4A8,618602,618602_d,d
366,629630_d,11,0.1698488255802583,Open green space,629630,E00015379,E00015379,E01003051,863313,-0.103555369271613,51.460282940227,Nat6sybdvH8M7ornYu0uDg,51.4603075152954,-0.103488610000593,5,2012,192.264773727892,67C92BF1-B2BF-406C-9108-7EE613E25255,629630,629630_d,d
367,618536_d,11,0.1803007979303392,Open green space,618536,E00015379,E00015379,E01003051,848147,-0.102681142362335,51.4624817388348,l-5M2rrpkn8WL4eo-qkxng,51.4624561638678,-0.102640698774538,6,2008,192.528807709152,123686A2-07AF-4067-8E2B-94C4295C84B7,618536,618536_d,d
370,618601_d,11,0.1040053695359239,Open green space,618601,E00015379,E00015379,E01003051,848220,-0.102338977889216,51.4634095760747,4n5WgxN65lOn5VIXyH6XBw,51.4633273986836,-0.1023136057415399,6,2008,190.856413348062,B9AC6061-4B43-4830-8ADD-A61E1715E4A8,618601,618601_d,d
371,618603_d,1,0.001,Open green space,618603,E00015379,E00015379,E01003051,848222,-0.102462010745848,51.463058300576286,KhxQdpTO6VMZpe2DNnzBCg,51.463026538326,-0.102443729467989,6,2008,190.856413348062,B9AC6061-4B43-4830-8ADD-A61E1715E4A8,618603,618603_d,d
373,615253_d,11,0.0442104936986742,Open green space,615253,E00020199,E00020199,E01004013,843761,-0.0776348211327346,51.4746031631066,2wjUP8-6wqnYCp49ki2OAg,51.4746661939006,-0.0775967847643247,6,2008,161.227986283234,CD69D8C6-3AE6-426C-B967-BBF8D2578ECD,615253,615253_d,d
375,615340_d,13,0.4283052356960477,Estates,615340,E00020199,E00020199,E01004013,843872,-0.077180729707496,51.4754679853106,DV_J-iWvfXYO1aEDoHB7qQ,51.4754986339178,-0.0771898136330776,7,2009,250.655670727879,BA756A0A-AAED-458E-AFC3-50B9CBA4507D,615340,615340_d,d
376,615252_d,13,0.0863250639415885,Estates,615252,E00020199,E00020199,E01004013,843760,-0.0777202315508005,51.4747748598423,hhhVKL8NBwP8asn3k2iKYg,51.4747480406693,-0.0776266102260727,5,2012,161.227986283234,CD69D8C6-3AE6-426C-B967-BBF8D2578ECD,615252,615252_d,d
378,615249_d,13,0.5432849200989536,Estates,615249,E00020199,E00020199,E01004013,843757,-0.0779765086089904,51.47528994151861,NXOG4RdQ6gtNysnp52thng,51.475316566009,-0.0779287217668653,5,2012,161.23470684657102,CD69D8C6-3AE6-426C-B967-BBF8D2578ECD,615249,615249_d,d
379,615250_d,6,0.001,Other green,615250,E00020199,E00020199,E01004013,843758,-0.0778910775562953,51.475118248601504,CpUqSDOXndAw0aC_E7K2zw,51.475104782024495,-0.0778059581172411,7,2009,161.218776855795,CD69D8C6-3AE6-426C-B967-BBF8D2578ECD,615250,615250_d,d
380,615266_d,6,0.0408662562263772,Other green,615266,E00020199,E00020199,E01004013,843776,-0.0783374056648823,51.4757407515472,qQo0jXCLnwax2Phh-q8w_w,51.47577580168549,-0.0783483783298422,7,2009,151.925740846994,73A75BC2-EBC8-48BD-8514-353EADD82B94,615266,615266_d,d
382,615343_d,4,0.3572485481585217,Low-density,615343,E00020199,E00020199,E01004013,843875,-0.077476217929027,51.474859085615904,mh0OcNUEa0KTj6_jLrTkZg,51.4748044002566,-0.0774286167310715,5,2012,168.11134196037202,5B874EF2-6D8B-4CF9-8E16-30F8D9C6CB35,615343,615343_d,d
384,615362_d,13,0.0594365895027959,Estates,615362,E00020199,E00020199,E01004013,843901,-0.0758100088782148,51.47573092472391,C2zqdRB6S8gkLZhKlx-Cfg,51.47571732748649,-0.0758716420206756,5,2012,252.559762979494,B4887C7B-D084-466B-919F-574135F7F781,615362,615362_d,d
385,615268_d,6,0.001,Other green,615268,E00020199,E00020199,E01004013,843778,-0.0780799088188022,51.4754191277048,p2LzVNqXOBHIvZlHCGN5Bg,51.4754324358372,-0.0780607217183059,6,2008,161.23470684657102,CD69D8C6-3AE6-426C-B967-BBF8D2578ECD,615268,615268_d,d
386,615273_d,0,0.0736077480832432,Terraced,615273,E00020199,E00020199,E01004013,843784,-0.0778585041945885,51.475518350857,CNY5yc71aaxjQkYfbrUNiA,51.4754876178616,-0.0777902820346905,5,2012,151.731323237514,96456A4C-69A8-4990-A239-FF9EA74F68AF,615273,615273_d,d
390,615341_d,9,0.1311873524012707,Low-density,615341,E00020199,E00020199,E01004013,843873,-0.076906667685785,51.4755230657201,_Q1BjXW2ceaOZCPK6uxBug,51.4755436671772,-0.0769414796691296,6,2008,250.655670727879,BA756A0A-AAED-458E-AFC3-50B9CBA4507D,615341,615341_d,d
391,615314_d,2,0.2172889534147407,Other green,615314,E00020199,E00020199,E01004013,843835,-0.0786211309277197,51.4760558877769,EDEfIUqUsGCLSzFgdjggRQ,51.47607717371879,-0.0785201268108907,7,2009,146.388333874959,D9F102C0-E2E9-4894-81B8-3FFEC72A9CF6,615314,615314_d,d
393,615365_d,2,0.0564751313168557,Other green,615365,E00020199,E00020199,E01004013,843905,-0.0756046750375223,51.4742766847505,Nk4s-oAci86n93Yk1am0cA,51.4742556966792,-0.0756798625178831,8,2012,97.53987665507844,EEEC7929-1C4E-4EFC-830F-CEA4190E22F4,615365,615365_d,d
395,615348_d,4,0.175569617123506,Low-density,615348,E00020199,E00020199,E01004013,843883,-0.0766650103463923,51.47504426559521,0HLfdRlY1lbunZ_BrpiZ3Q,51.4750264706822,-0.0766528056956763,7,2009,248.41603075823,D9564008-33F2-4A60-9D62-93DA182692DE,615348,615348_d,d
397,615274_d,13,0.4970821305519479,Estates,615274,E00020199,E00020199,E01004013,843785,-0.0779882232335595,51.4756788583043,OEEd9XjA1qZWNs0X4fmqKw,51.475659262824,-0.0779435063842185,6,2008,151.731323237514,96456A4C-69A8-4990-A239-FF9EA74F68AF,615274,615274_d,d
399,615353_d,15,0.2814272074407474,Commercial,615353,E00020199,E00020199,E01004013,843889,-0.0767477061785704,51.474097916158286,WDJLaYXji_5I7i1eUk3omg,51.474256620219,-0.0767554364939861,5,2012,263.423753393595,EBDDE91C-EFF9-416C-9F3A-BDFEC768B226,615353,615353_d,d
400,615267_d,11,0.0213770882207314,Open green space,615267,E00020199,E00020199,E01004013,843777,-0.0782086298566218,51.4755799481048,8_KbonhksM_s2S3GRreOag,51.4756463866733,-0.0781904540643432,7,2009,151.939033900661,73A75BC2-EBC8-48BD-8514-353EADD82B94,615267,615267_d,d
401,615361_d,10,0.2573021936821724,High-density,615361,E00020199,E00020199,E01004013,843900,-0.07608684689937,51.475681551386096,sFZz4UgEIQVlBvKNbjKvWg,51.4756996522503,-0.0760132209534351,7,2009,252.559762979494,B4887C7B-D084-466B-919F-574135F7F781,615361,615361_d,d
402,615350_d,15,0.2305323049815598,Commercial,615350,E00020199,E00020199,E01004013,843885,-0.0767979205521962,51.4742749509636,sqN_oGskEn9xoJ5ng1rJfw,51.4742563027541,-0.0767688589407883,8,2012,263.423753393595,EBDDE91C-EFF9-416C-9F3A-BDFEC768B226,615350,615350_d,d
405,615363_d,10,0.2456996404986074,High-density,615363,E00020199,E00020199,E01004013,843903,-0.0762862773389126,51.4754590204337,Sr5DlP3zUbR1PYk_SljjKg,51.4754678353698,-0.0762714766436926,6,2008,162.89727103094802,E4F1C7F1-0C6D-4D44-BF74-C910A848FC8A,615363,615363_d,d
407,519152_d,15,0.2568461349000117,Commercial,519152,E00015192,E00015192,E01003015,716567,-0.113359766159929,51.4956946918814,-B-W15D0wikhu9j86LGyeA,51.4959879447234,-0.113458934183836,7,2009,247.319440392975,B8204FD8-1731-4B5E-BF65-C6ED19C3EB41,519152,519152_d,d
408,519678_d,6,0.2230539232636791,Other green,519678,E00015192,E00015192,E01003015,717290,-0.114325923388264,51.4954713353103,_eUJvEIPwOoAmhPMoxFavg,51.4957415102882,-0.1144357889833109,7,2009,158.481390682542,D1B2BCBE-742E-46EA-AE2B-C6275B3EAAA1,519678,519678_d,d
411,521551_d,6,0.001,Other green,521551,E00023976,E00023976,E01004737,719879,-0.130665626727803,51.4873387587855,ejiE5_E_BWPuSKNlvbiu8A,51.4873787466756,-0.130674151425886,5,2012,200.580098862017,BC64E30F-AC99-4660-881D-D4A0C5701589,521551,521551_d,d
423,629530_d,4,0.001,Low-density,629530,E00015380,E00015380,E01003051,863149,-0.108021345017549,51.4629271815388,d7fnDwuyc1EPE5KS4_JXhQ,51.462918928167895,-0.108087252115469,6,2008,248.74400434047692,808C7B1C-3785-4110-B534-66FF72FE0643,629530,629530_d,d
424,629398_d,6,0.2424970346227595,Other green,629398,E00015380,E00015380,E01003051,862962,-0.105152108340062,51.46116878378572,DqBucdvbTbUKJkXajc-kDw,51.4611711857272,-0.105155197468475,6,2008,203.114207983532,1C0BC20A-E897-4579-899E-EEBB21C7D855,629398,629398_d,d
428,629399_d,1,0.0391432909607539,Open green space,629399,E00015380,E00015380,E01003051,862963,-0.105331279103512,51.461309490626,VfiYsZC7TBu-XseOAjt0NQ,51.4613247641451,-0.10535706594108,6,2008,140.01794604853,921F8D75-9609-4F5F-BDC4-4A1DE7CA5E43,629399,629399_d,d
433,629335_d,14,0.001,Low-density,629335,E00015380,E00015380,E01003051,862865,-0.106767036740066,51.461985792088,MgqBH24D1x_5Fct45fg8_Q,51.4621884825002,-0.106352359266002,7,2009,144.35939214314502,60A3CA4D-BFD2-4491-9E4D-CF2110538AEA,629335,629335_d,d
435,629614_d,11,0.1349541423691463,Open green space,629614,E00015380,E00015380,E01003051,863273,-0.106341051934298,51.461023504593896,ePCWjUgt6BpkQ0yb8_afHw,51.4614013187119,-0.105450158537863,6,2008,140.01794604853,921F8D75-9609-4F5F-BDC4-4A1DE7CA5E43,629614,629614_d,d
437,629401_d,13,0.1153079732751962,Estates,629401,E00015380,E00015380,E01003051,862965,-0.105689592425895,51.46159091915871,e74P3VcuExo-_eUW7BtGcA,51.4616031014871,-0.105682293650565,6,2008,140.01794604853,921F8D75-9609-4F5F-BDC4-4A1DE7CA5E43,629401,629401_d,d
439,629332_d,4,0.2371866249276257,Low-density,629332,E00015380,E00015380,E01003051,862862,-0.107366608947616,51.462334728502704,PxcBKx_uLVUrXy5cNKlxdQ,51.462526638966,-0.106723727327759,7,2009,144.364256272107,60A3CA4D-BFD2-4491-9E4D-CF2110538AEA,629332,629332_d,d
440,629385_d,13,0.001,Estates,629385,E00015380,E00015380,E01003051,862940,-0.106181710744822,51.461974658113,S6PoE0oBJ95GOIEU25R9ig,51.4620243004248,-0.106163853925294,6,2008,139.40581224860398,47379BAA-4361-492A-A49D-179E6835C498,629385,629385_d,d
443,629333_d,4,0.001,Low-density,629333,E00015380,E00015380,E01003051,862863,-0.107193814772098,51.4621909413838,pKFFd0wmGFslOdNehHiaoQ,51.4624504365411,-0.106639115567437,7,2009,144.364256272107,60A3CA4D-BFD2-4491-9E4D-CF2110538AEA,629333,629333_d,d
447,582028_d,10,0.2352096615706336,High-density,582028,E00021552,E00021552,E01004280,801224,-0.0251119442654366,51.497286794496695,8ay2bbncmlwdv9FpqiuseQ,51.4972499038507,-0.0250833260533194,10,2009,175.238931145722,972CFB8C-22ED-4618-ADF6-988C9E9BE410,582028,582028_d,d
450,727818_d,6,0.001,Other green,727818,E00021552,E00021552,E01004280,999688,-0.0258446535313245,51.4972032165479,7xYym4o9_Jz8bgWv5Q46OA,51.49721301226111,-0.0257961596514045,10,2009,175.800909937765,D2471429-3277-4557-BB42-99B52C1D1F0F,727818,727818_d,d
453,615711_d,6,0.055769401922406,Other green,615711,E00020381,E00020381,E01004050,844353,-0.0850158244320941,51.4685410070848,_iHxjj9vpjZmsvY-hED2YQ,51.468544129213285,-0.0850373883713142,6,2008,93.0127875041834,A6F0CC4B-97D7-4706-89C4-A38D999590B2,615711,615711_d,d
455,615650_d,15,0.5134197040437386,Commercial,615650,E00020381,E00020381,E01004050,844268,-0.0865887182707101,51.4681988182611,jhoFRmPXX2u1HGaCFOdKLw,51.468206807650496,-0.0865246424206294,5,2012,148.925816717113,B48A6055-9669-47E5-AAD5-3209EFFB1D3B,615650,615650_d,d
456,625161_d,13,0.2173852229621921,Estates,625161,E00020381,E00020381,E01004050,857382,-0.087287738293793,51.4683432410974,UPZTVV-1eYMNoCCjINSAEQ,51.4683276891092,-0.0873189944185547,5,2012,247.479434397103,001300EC-148C-4108-8A77-2AF42629606E,625161,625161_d,d
459,615666_d,13,0.0826068781194191,Estates,615666,E00020381,E00020381,E01004050,844291,-0.0861158423538387,51.4687324958996,8V2iuKB_rl-XVLxMkh7nYg,51.4685197693131,-0.0867915925623767,5,2012,183.179830119864,1DE9FACC-F77F-4969-83E2-45348AA4CC02,615666,615666_d,d
461,615716_d,4,0.3205131449593882,Low-density,615716,E00020381,E00020381,E01004050,844359,-0.0844616549083169,51.4677391066589,6Nj4_qOnw3uibTMXUOJMsg,51.4677399674314,-0.0844258399505478,7,2008,151.389540334035,17257A9C-1D0B-4950-BC41-4E456B8F2634,615716,615716_d,d
463,615715_d,6,0.0832773245346109,Other green,615715,E00020381,E00020381,E01004050,844358,-0.0845891312262726,51.4679003071244,K_2afkKCK3n88kzL88V_IA,51.46790291099361,-0.0845575287126215,7,2008,216.253837737445,A6F0CC4B-97D7-4706-89C4-A38D999590B2,615715,615715_d,d
464,625211_d,13,0.4084756625360315,Estates,625211,E00020381,E00020381,E01004050,857454,-0.0869768224331595,51.4687762975095,WT9Bdje2iQsKXP4neMif5w,51.4687165558324,-0.0869141284889158,5,2012,156.585367868109,1DE9FACC-F77F-4969-83E2-45348AA4CC02,625211,625211_d,d
466,615693_d,10,0.2720519235450028,High-density,615693,E00020381,E00020381,E01004050,844326,-0.0850604642199315,51.4672452138329,Mlzl7vKzwDa6P9K9YNrgqg,51.4669745713144,-0.0846528298915075,6,2008,241.103685547543,E2A59EDD-1A1A-4B4F-B539-F06FD4E04A44,615693,615693_d,d
468,615652_d,13,0.1878109530361511,Estates,615652,E00020381,E00020381,E01004050,844271,-0.0863443887339447,51.467874394909295,xz4VE8IuJNsBOBRxzd4kcQ,51.4678700660207,-0.0863237926215547,6,2008,157.749582861497,C286AED0-3853-43BD-B9B1-792699C722FF,615652,615652_d,d
475,615668_d,13,0.001,Estates,615668,E00020381,E00020381,E01004050,844293,-0.0861037520356984,51.46747085954001,75fgnmCQdtd0h2ypIouQRQ,51.4674992325312,-0.0861073512065812,6,2008,158.772563327694,2730489E-21BC-4B4B-A68C-4B20F58CEED8,615668,615668_d,d
476,615691_d,8,0.0193984325774191,Low-density,615691,E00020381,E00020381,E01004050,844323,-0.0853707174092689,51.4689090044959,6b0e_l5jrZnrO5db9fjfCw,51.4689605694905,-0.0853702661777288,5,2012,152.10272896905198,49EE7E2A-DF64-459A-8633-2CCD5302ABAE,615691,615691_d,d
477,615654_d,10,0.3171525444949464,High-density,615654,E00020381,E00020381,E01004050,844274,-0.0859241678157837,51.4681936122024,s1WpCIjK8i7_FLgIBqT6qw,51.46818175227801,-0.0859836345022795,5,2012,243.652191917874,9E10C1DE-6CA0-4170-AFC5-D62B539A2036,615654,615654_d,d
479,625207_d,13,0.1125747663546423,Estates,625207,E00020381,E00020381,E01004050,857442,-0.0865367677005641,51.46768423012961,orJhHrB5rc7PDqHJIAsWYA,51.4676473380202,-0.0861962473687236,10,2008,158.772563327421,2730489E-21BC-4B4B-A68C-4B20F58CEED8,625207,625207_d,d
480,625160_d,13,0.0584420237964896,Estates,625160,E00020381,E00020381,E01004050,857381,-0.0875564357441076,51.4682787381098,StvjwANIEVMLI-uUTdJfsw,51.4682824635157,-0.0875292862290802,10,2008,247.479434397103,001300EC-148C-4108-8A77-2AF42629606E,625160,625160_d,d
482,615669_d,13,0.2562149102082486,Estates,615669,E00020381,E00020381,E01004050,844296,-0.0859316292455953,51.467703602500286,mt32Ck8FaSQBu6A0JGmAKQ,51.4676377334772,-0.0861413467989144,6,2008,158.772563327421,2730489E-21BC-4B4B-A68C-4B20F58CEED8,615669,615669_d,d
483,615692_d,10,0.2690276595648835,High-density,615692,E00020381,E00020381,E01004050,844324,-0.0848364816039209,51.46691396158241,pltbctMuJJBJgF0K2ApqMw,51.46687917273721,-0.0849496743041989,5,2012,241.103685547543,E2A59EDD-1A1A-4B4F-B539-F06FD4E04A44,615692,615692_d,d
485,615667_d,13,0.434782427097838,Estates,615667,E00020381,E00020381,E01004050,844292,-0.0862009304039592,51.4676400956148,wZpapGNdpqQf8K013Va3aw,51.4676407880914,-0.086193442066227,8,2008,158.772563327421,2730489E-21BC-4B4B-A68C-4B20F58CEED8,615667,615667_d,d
487,615665_d,13,0.423935203503575,Estates,615665,E00020381,E00020381,E01004050,844287,-0.0862699753693772,51.467751742099296,idrpPX8fQXePMBvBY3sAFg,51.4678490318482,-0.0863099246300721,5,2012,157.749582861497,C286AED0-3853-43BD-B9B1-792699C722FF,615665,615665_d,d
490,519794_d,10,0.368406196430501,High-density,519794,E00015189,E00015189,E01003015,717449,-0.116009519165766,51.4941691782103,0B7W0_DV_DoCp7njLuu5kw,51.4942042652791,-0.116039681456864,5,2012,117.582029207797,A03E43FE-9CEE-4B2B-88A6-52CC30449A37,519794,519794_d,d
494,519664_d,0,0.1247785395943323,Terraced,519664,E00015189,E00015189,E01003015,717263,-0.114935234475049,51.4949025483705,wKOShbjE-wJjLMcp5I_OrQ,51.4945508905381,-0.114365314497969,7,2009,222.157862116344,1C67E07B-E0A4-425C-B8D4-21CDBC9086DD,519664,519664_d,d
496,519615_d,10,0.175812558009655,High-density,519615,E00015189,E00015189,E01003015,717206,-0.114774758989096,51.4942474887971,UHHWuY9xdqkZ1ArONzRgrQ,51.494312670756905,-0.114725412989282,7,2009,222.157862116344,1C67E07B-E0A4-425C-B8D4-21CDBC9086DD,519615,519615_d,d
499,519792_d,13,0.0893591074778089,Estates,519792,E00015189,E00015189,E01003015,717447,-0.115505969780508,51.493994538583294,WlyHDS7wDqGbJJE6uBRqCg,51.494026998791895,-0.115532697696199,6,2008,117.582029207797,A03E43FE-9CEE-4B2B-88A6-52CC30449A37,519792,519792_d,d
500,519614_d,15,0.4115567025159672,Commercial,519614,E00015189,E00015189,E01003015,717205,-0.114576009342836,51.49437761695721,m58ViWGIJplI-4UF7RigCQ,51.4944337700248,-0.114547290396061,7,2009,222.157862116344,1C67E07B-E0A4-425C-B8D4-21CDBC9086DD,519614,519614_d,d
501,519141_d,15,0.4134479668403706,Commercial,519141,E00015189,E00015189,E01003015,716547,-0.114230984597786,51.4942032195901,0VjDYc6er5fnmVABdHzBMA,51.49444238135671,-0.114507791999717,6,2008,222.157862116344,1C67E07B-E0A4-425C-B8D4-21CDBC9086DD,519141,519141_d,d
502,519140_d,0,0.1117075854297735,Terraced,519140,E00015189,E00015189,E01003015,716546,-0.114042530988389,51.49433918540689,b3zdu46rENNvuAY1QEd6KQ,51.49453477945539,-0.1143654577719299,5,2012,222.157862116344,1C67E07B-E0A4-425C-B8D4-21CDBC9086DD,519140,519140_d,d
505,519613_d,0,0.1639076990322012,Terraced,519613,E00015189,E00015189,E01003015,717203,-0.114178506650923,51.4946378722237,VNJob5ga9g-N980T4Des1g,51.4946262602728,-0.114243276350293,7,2009,222.157862116344,1C67E07B-E0A4-425C-B8D4-21CDBC9086DD,519613,519613_d,d
509,615769_d,13,0.001,Estates,615769,E00020379,E00020379,E01004050,844433,-0.0827036804620477,51.4679843872912,FKGHdwalpxf6OOQyNAl0Bg,51.46778000032739,-0.0833812025530183,7,2008,241.955313052025,F9ADE65A-C213-4140-9BDF-6E1DBB125E15,615769,615769_d,d
511,615771_d,4,0.0647348159354068,Low-density,615771,E00020379,E00020379,E01004050,844438,-0.0840071444392661,51.4675776753747,ahYQxs6N4iLNxR9bqqrAqQ,51.4676095919786,-0.0839260778800017,7,2008,152.783888442693,6F761EE6-A2EB-493D-83D5-AF6DCAD46992,615771,615771_d,d
513,519165_d,10,0.5082792831364991,High-density,519165,E00015194,E00015194,E01003015,716585,-0.111483964955981,51.4935095105047,r_DKgMFC08cWOF8f5zg8GQ,51.49353275778361,-0.111501873892672,5,2012,119.438212807221,FF99A0A3-3B5E-48CF-B3A4-04FB8EAAC2B1,519165,519165_d,d
515,630980_d,13,0.3071175793754392,Estates,630980,E00015194,E00015194,E01003015,865125,-0.110909607057235,51.4936466210077,bPLe47wz-QdkOHsK1A7-Ag,51.4936859640073,-0.11089839888913,7,2009,180.93132719094,9E4ACDD1-6049-49B3-91C6-0F4FA85FE5A8,630980,630980_d,d
517,630981_d,13,0.1751193972014916,Estates,630981,E00015194,E00015194,E01003015,865126,-0.110897497642682,51.493826253527786,uwJCeXGBJqM4mfA0_q4zIA,51.4938572769074,-0.110886536684665,7,2009,180.931327191104,9E4ACDD1-6049-49B3-91C6-0F4FA85FE5A8,630981,630981_d,d
518,630979_d,13,0.2200505028610822,Estates,630979,E00015194,E00015194,E01003015,865124,-0.11092171635808,51.493466988480215,x7Syucrr94Bc1nFqCFC7TQ,51.493488519853706,-0.110919474643194,7,2008,180.93132719094,9E4ACDD1-6049-49B3-91C6-0F4FA85FE5A8,630979,630979_d,d
519,519142_d,10,0.6344666354249455,High-density,519142,E00015191,E00015191,E01003015,716548,-0.113572708865377,51.4953593676933,qHhUYTTluTrS1FX_EJvTwg,51.4951965035172,-0.113102838478018,7,2009,226.005086005254,4E4CBBCC-0912-48D8-AC88-79D1E8F58AB7,519142,519142_d,d
522,519148_d,10,0.58095742988192,High-density,519148,E00015191,E00015191,E01003015,716555,-0.113120659713076,51.4952597074474,rYzekHv1lz7zAyjfIXrUpA,51.495217350440505,-0.113079374138298,6,2008,226.005086005254,4E4CBBCC-0912-48D8-AC88-79D1E8F58AB7,519148,519148_d,d
524,519143_d,10,0.5592281889139035,High-density,519143,E00015191,E00015191,E01003015,716549,-0.113650803355371,51.4952152765946,ZZ2MKRWgK4DW8yY1eDyI0A,51.4950220721515,-0.1134405028874359,6,2008,226.005086005254,4E4CBBCC-0912-48D8-AC88-79D1E8F58AB7,519143,519143_d,d
525,519155_d,10,0.6419542681900346,High-density,519155,E00015191,E00015191,E01003015,716574,-0.113127253503221,51.4948846987591,lWY-g8_tg7sW1WlevOAAdA,51.495015265800106,-0.113440586712811,7,2009,226.005086005254,4E4CBBCC-0912-48D8-AC88-79D1E8F58AB7,519155,519155_d,d
526,519144_d,10,0.6656126339750448,High-density,519144,E00015191,E00015191,E01003015,716550,-0.113920114021325,51.4951515150674,YIldyrMyKAVlBETFLboIiw,51.4949974463362,-0.113478304762172,5,2012,226.005086005254,4E4CBBCC-0912-48D8-AC88-79D1E8F58AB7,519144,519144_d,d
527,289140_d,11,0.0774477217337475,Open green space,289140,E00016907,E00016907,E01003336,401901,-0.0409333731759262,51.46101084342,D5_e5qKAag-PCUbYP5DwMw,51.4610393406892,-0.0409387322761706,5,2012,135.806929455102,28E7A4AD-0D4A-423B-8AB9-F880B41B6318,289140,289140_d,d
528,289106_d,4,0.001,Low-density,289106,E00016907,E00016907,E01003336,401864,-0.0399907177437412,51.460553809136,XOQYcrCVn5BwKzQWC_zXFw,51.460571674311296,-0.0399586433645803,5,2012,222.273689003076,49D74268-E54D-44C8-BC60-E7D0A115407A,289106,289106_d,d
530,289111_d,13,0.1460226961400874,Estates,289111,E00016907,E00016907,E01003336,401869,-0.0407914619133844,51.4600191729804,jukHimmNKIGeYeQvHtA2Eg,51.4600285328605,-0.0407471765275587,5,2012,315.0,49D74268-E54D-44C8-BC60-E7D0A115407A,289111,289111_d,d
533,289125_d,4,0.215401421454947,Low-density,289125,E00016907,E00016907,E01003336,401883,-0.0422561112020629,51.460980792662,P2En-Nq8qiRghtvreviEqQ,51.4610197945033,-0.04227737249157,6,2008,135.395137042507,270E3E8B-9673-4919-BA99-47562F17E633,289125,289125_d,d
535,289152_d,2,0.001,Other green,289152,E00016907,E00016907,E01003336,401920,-0.0424418604752373,51.46136813433829,wwv8kcbhYSuCZukrDXQkPg,51.4613263768204,-0.0424897699349524,6,2008,135.395137042507,270E3E8B-9673-4919-BA99-47562F17E633,289152,289152_d,d
538,289113_d,13,0.001,Estates,289113,E00016907,E00016907,E01003336,401871,-0.0411874524685627,51.46028014203589,sKM1gic-y5qpoPQ-TYvUOA,51.46024710305329,-0.0410930198360079,5,2012,315.0,49D74268-E54D-44C8-BC60-E7D0A115407A,289113,289113_d,d
540,289127_d,4,0.1981178288913607,Low-density,289127,E00016907,E00016907,E01003336,401885,-0.0418629989396129,51.46071812733629,X2bXDs0pEkQjS_06vOEXQA,51.460670968943006,-0.041745244601972,6,2008,135.607353004934,270E3E8B-9673-4919-BA99-47562F17E633,289127,289127_d,d
542,289150_d,4,0.001,Low-density,289150,E00016907,E00016907,E01003336,401917,-0.042884571985662,51.4613884329996,vE5satnTb7kbM2J1ndEyTw,51.461352617195,-0.0427880926885375,5,2012,135.395137042507,270E3E8B-9673-4919-BA99-47562F17E633,289150,289150_d,d
546,289139_d,14,0.1188256945877264,Low-density,289139,E00016907,E00016907,E01003336,401899,-0.0413234502535537,51.4612752699401,xGrISbbT_9ULhcX1TTDOLQ,51.4611971718264,-0.041175062250633,5,2012,135.806929455102,28E7A4AD-0D4A-423B-8AB9-F880B41B6318,289139,289139_d,d
548,289104_d,9,0.3251551695721086,Low-density,289104,E00016907,E00016907,E01003336,401862,-0.0398198116365376,51.4608971734347,QZBVGERggsk1TTm2Dp2mzw,51.4609151913745,-0.0397830678259859,5,2012,195.73880143744896,49D74268-E54D-44C8-BC60-E7D0A115407A,289104,289104_d,d
550,289103_d,9,0.1496294068685033,Low-density,289103,E00016907,E00016907,E01003336,401861,-0.039734357596882,51.4610688554732,Tz2VON4pkfKRn3zfBSjRRw,51.4610925970506,-0.0396824133423268,5,2012,195.73880143744896,49D74268-E54D-44C8-BC60-E7D0A115407A,289103,289103_d,d
553,289105_d,9,0.2825735343382587,Low-density,289105,E00016907,E00016907,E01003336,401863,-0.0399052650188215,51.4607254913223,xa_d6NhWn9XVfXJETbo5qQ,51.46074753432,-0.0398708301405991,5,2012,195.73880143744896,49D74268-E54D-44C8-BC60-E7D0A115407A,289105,289105_d,d
555,289099_d,2,0.0521318330445621,Other green,289099,E00016907,E00016907,E01003336,401857,-0.0417472659339664,51.4603792958313,FlTnWw6vkoFCIYoSPJR75A,51.46043113534351,-0.0417090919425907,6,2008,219.536157186763,3C95F32D-E4C5-43AA-BFD2-9AF18A918EF1,289099,289099_d,d
556,289112_d,9,0.001,Low-density,289112,E00016907,E00016907,E01003336,401870,-0.0409894566266463,51.46014965767079,y5kPHnCAXdSaKQg5fh02Mw,51.4602372280967,-0.0410680365887811,6,2008,315.0,49D74268-E54D-44C8-BC60-E7D0A115407A,289112,289112_d,d
558,289110_d,13,0.2185752670019539,Estates,289110,E00016907,E00016907,E01003336,401868,-0.0405145829715566,51.4599840678888,5eppOZHo1hsQc2BoKgmmsg,51.459968784817896,-0.0405477770395378,5,2012,276.581944655178,49D74268-E54D-44C8-BC60-E7D0A115407A,289110,289110_d,d
560,289128_d,2,0.001,Other green,289128,E00016907,E00016907,E01003336,401886,-0.0416664444996234,51.4605867941929,DGNv3aP_T_79VWFcsbEL6w,51.46062847763911,-0.041702718057256,5,2012,135.607353004934,270E3E8B-9673-4919-BA99-47562F17E633,289128,289128_d,d
561,289108_d,13,0.0881983671420877,Estates,289108,E00016907,E00016907,E01003336,401866,-0.0401616212215298,51.4602104445417,bn439n4R5ykWm_DE-_WYKg,51.46018011705221,-0.0401554056411488,5,2012,222.273689003076,49D74268-E54D-44C8-BC60-E7D0A115407A,289108,289108_d,d
563,289098_d,6,0.0995657794014862,Other green,289098,E00016907,E00016907,E01003336,401856,-0.0415631943972127,51.4605174141523,XSAQF0KpjnacAVB0kDeaDw,51.4605413449892,-0.0416183692939652,6,2008,135.607353004934,270E3E8B-9673-4919-BA99-47562F17E633,289098,289098_d,d
564,289149_d,6,0.001,Other green,289149,E00016907,E00016907,E01003336,401916,-0.0430895030956623,51.46151467325629,Hafz9Ni_C1o8yoaaTmC0NA,51.4615756351001,-0.0431400939624005,6,2008,133.069412558833,E4A83A37-E6C6-4CC4-9678-D6691EF1F4B1,289149,289149_d,d
566,581935_d,6,0.344180601135427,Other green,581935,E00167135,E00167135,E01004280,801079,-0.0257779635934702,51.496305241325,7qrJIilufo1bHgitdk2X5Q,51.4963655319709,-0.0257643876065487,7,2008,173.917525472164,5F0288A6-2CDA-49C1-8DF8-508100207FB5,581935,581935_d,d
567,582114_d,15,0.2594370935203921,Commercial,582114,E00167135,E00167135,E01004280,801389,-0.0257869178866616,51.495690497997714,v738oUqQPFJ_QnODSytPTg,51.495689341036,-0.025889207049354,6,2012,260.51529079926,63DA8841-ED1B-49B6-9CAB-DFCAF52BF07E,582114,582114_d,d
568,581937_d,13,0.6664209069452813,Estates,581937,E00167135,E00167135,E01004280,801081,-0.0257323904566842,51.49594679246,bc628yRvrVQWZ1gZVyX36A,51.495940977520505,-0.02571772931845,7,2008,173.917525472164,5F0288A6-2CDA-49C1-8DF8-508100207FB5,581937,581937_d,d
570,581922_d,13,0.5214259966428754,Estates,581922,E00167135,E00167135,E01004280,801052,-0.0257007614005233,51.4956980157577,MS3xPweNLOJPzf4zHlBk1w,51.4957301207741,-0.0256932476180952,6,2012,175.48719421506195,57374AB7-746D-4FC8-9A7F-930B7C791513,581922,581922_d,d
572,581938_d,13,0.6252448538691563,Estates,581938,E00167135,E00167135,E01004280,801082,-0.0257096041277876,51.4957675680159,AJBYEQRdZBhmjh4-_VNJLg,51.49574677813112,-0.0256975669512238,7,2008,175.48719421506195,57374AB7-746D-4FC8-9A7F-930B7C791513,581938,581938_d,d
576,581936_d,13,0.4260946127848934,Estates,581936,E00167135,E00167135,E01004280,801080,-0.0257551769452437,51.4961260168963,3DBnaSs9JFVrjrCNfExrJA,51.4961324014365,-0.025737443373473,7,2008,173.917525472164,5F0288A6-2CDA-49C1-8DF8-508100207FB5,581936,581936_d,d
577,581925_d,1,0.2393652373114326,Open green space,581925,E00167135,E00167135,E01004280,801055,-0.0256212011313129,51.4951612919694,tibSSyX49OTPuKV1V5YtMg,51.4951698498909,-0.0256137647760372,10,2009,167.976693906462,57374AB7-746D-4FC8-9A7F-930B7C791513,581925,581925_d,d
578,289094_d,13,0.3146072074944979,Estates,289094,E00016910,E00016910,E01003336,401852,-0.0435623530971967,51.460387676593285,kUsBTOqPy8wdZqlvhsRdVQ,51.4603794419331,-0.0435022254529202,5,2012,176.06982445427502,0CCA4367-2B0F-4DAD-BF02-75EA85D66A33,289094,289094_d,d
581,289042_d,10,0.0795232754713236,High-density,289042,E00016910,E00016910,E01003336,401789,-0.0424787722897107,51.4594034032267,_wribazOo1q09XwY3XWD2g,51.45947464760589,-0.0425507093177099,10,2009,130.071628058485,6032DA82-5FD1-4B5A-8AAB-1DF2CA68618E,289042,289042_d,d
582,289088_d,13,0.3676248044587157,Estates,289088,E00016910,E00016910,E01003336,401842,-0.0426195189397917,51.45948147341721,Rcw4ejGurjeYFfqsQwjeoA,51.4594843905585,-0.042585687142549,6,2008,130.071628058485,6032DA82-5FD1-4B5A-8AAB-1DF2CA68618E,289088,289088_d,d
585,289093_d,6,0.001,Other green,289093,E00016910,E00016910,E01003336,401851,-0.0435744046958311,51.4605673086077,0bwZiRGXBt2Eld3GJWx4sg,51.460594783551,-0.0435498758624699,10,2009,176.06982445427502,0CCA4367-2B0F-4DAD-BF02-75EA85D66A33,289093,289093_d,d
586,289096_d,15,0.2393004294212097,Commercial,289096,E00016910,E00016910,E01003336,401854,-0.0435382501264895,51.460028412548105,GzPIwA7HDeOlVKPA98WmUg,51.45992684339729,-0.0434765203175333,6,2008,175.597095203488,E8D452C3-6674-4802-A77A-2DD06BB51268,289096,289096_d,d
588,289091_d,13,0.3502377384289413,Estates,289091,E00016910,E00016910,E01003336,401847,-0.0425935239474813,51.4597731166251,reFzlAz0tR8SzbJOabjSEQ,51.459786432008,-0.0425945460546781,5,2012,219.644174957145,FC7A69CB-9773-4B44-BC67-85A7190B3A29,289091,289091_d,d
591,289102_d,6,0.2727806597852567,Other green,289102,E00016910,E00016910,E01003336,401860,-0.0423144844393764,51.459972644114295,ilPlxIT4mnnuBkcISkSjxQ,51.4600464121424,-0.0422372814646946,6,2008,219.539114212191,3C95F32D-E4C5-43AA-BFD2-9AF18A918EF1,289102,289102_d,d
592,289095_d,13,0.001,Estates,289095,E00016910,E00016910,E01003336,401853,-0.0435503015740837,51.4602080445734,WJpmOsHVmoKNmMM6F7uN1g,51.4601994681889,-0.0435330477917732,10,2009,176.06982445427502,0CCA4367-2B0F-4DAD-BF02-75EA85D66A33,289095,289095_d,d
593,623502_d,6,0.1139617347598226,Other green,623502,E00019817,E00019817,E01003940,855194,-0.0868332953066021,51.4984844348824,RLl_leiWjiRsdaxZwVca6A,51.4982312205736,-0.0870168307936875,9,2009,224.826901494951,6BA3A0FF-53BC-4739-B385-CE80F387EC5A,623502,623502_d,d
598,623745_d,10,0.0739148555711034,High-density,623745,E00019817,E00019817,E01003940,855533,-0.0874110598478338,51.4977258258056,P9cDwaMsrY2vZ1Tp_jzvGQ,51.497768422065,-0.0873498180555208,6,2012,224.842810327147,6BA3A0FF-53BC-4739-B385-CE80F387EC5A,623745,623745_d,d
600,289056_d,10,0.1280504091588089,High-density,289056,E00016912,E00016912,E01003336,401807,-0.0441389404610988,51.4589940488564,aQBF8T_YLRwf7X3ve6I_-Q,51.459004962834,-0.0441479179999932,7,2008,105.274225484107,DF5D9485-8128-45E8-8B85-53F473EFE9E1,289056,289056_d,d
602,289058_d,10,0.3564791831273193,High-density,289058,E00016912,E00016912,E01003336,401809,-0.0441906676549076,51.4593375153856,HnyhMreToFmpjNN6wYShEA,51.459283212157295,-0.0441586283288427,5,2012,184.758396385602,DF5D9485-8128-45E8-8B85-53F473EFE9E1,289058,289058_d,d
603,289055_d,13,0.001,Estates,289055,E00016912,E00016912,E01003336,401806,-0.0438855322856175,51.4589251713499,ytm65eLIsFKUJ8U68-yOBw,51.458965414021705,-0.0439857781753292,5,2012,105.274225484107,DF5D9485-8128-45E8-8B85-53F473EFE9E1,289055,289055_d,d
605,289051_d,13,0.4060568517930799,Estates,289051,E00016912,E00016912,E01003336,401800,-0.0429704836072189,51.4589666559805,T2P-FbkUpHePOnhz-mps7Q,51.459101414536704,-0.0434314521906906,5,2012,201.478097233388,E00DF5D7-CB4A-4AD3-9328-AB3486F6F422,289051,289051_d,d
608,289052_d,10,0.2562670605817131,High-density,289052,E00016912,E00016912,E01003336,401801,-0.0430991028712768,51.4588058195951,OdALRGBmIe63eogjxwUsZg,51.4587935941314,-0.0436014771107361,10,2009,196.457959526655,5EA0A6BB-556F-46A2-9697-97912B44BCB0,289052,289052_d,d
611,289081_d,13,0.2902038996977126,Estates,289081,E00016912,E00016912,E01003336,401833,-0.0430233259471538,51.45946511552071,GACWrZPRpngSIevX9VZB0g,51.4594974092809,-0.0429945176524785,6,2008,219.427802196036,13857C74-7A18-44B6-87ED-09D4D2D34872,289081,289081_d,d
613,289030_d,13,0.4191231417555088,Estates,289030,E00016912,E00016912,E01003336,401777,-0.0436100230481813,51.458873193344296,f4ouELm3GE7swU9GACLA4g,51.4588137268027,-0.0436391026375614,5,2012,196.457959526655,5EA0A6BB-556F-46A2-9697-97912B44BCB0,289030,289030_d,d
615,289089_d,15,0.6295893348410683,Commercial,289089,E00016912,E00016912,E01003336,401844,-0.0432470719408024,51.4596890185695,sv7q2V7gJMzH5edXVRPYeA,51.45971581171661,-0.0432513328176938,6,2008,107.354024636261,8DE12823-14A7-4298-BA51-35CC611E42F3,289089,289089_d,d
616,289032_d,13,0.251770472028904,Estates,289032,E00016912,E00016912,E01003336,401779,-0.0437877782253805,51.45853118984671,AAZDrqsUeD-byBc6muIq9w,51.458517904571,-0.0437964942258215,5,2012,196.470877739783,5EA0A6BB-556F-46A2-9697-97912B44BCB0,289032,289032_d,d
618,289050_d,10,0.0428381253630902,High-density,289050,E00016912,E00016912,E01003336,401799,-0.042841901213356,51.4591275039981,b7Huu3goNO38ufZ2wHZGwg,51.459314755530905,-0.0431718397155242,5,2012,219.427802196036,13857C74-7A18-44B6-87ED-09D4D2D34872,289050,289050_d,d
621,289054_d,13,0.1826310451887223,Estates,289054,E00016912,E00016912,E01003336,401803,-0.0434966999390844,51.4590399047848,FgstGaMOE4WIzo-cl9Dahw,51.45901552239879,-0.0434814501236579,5,2012,201.478097233388,E00DF5D7-CB4A-4AD3-9328-AB3486F6F422,289054,289054_d,d
622,289079_d,6,0.0790581835580702,Other green,289079,E00016912,E00016912,E01003336,401830,-0.0434905607207639,51.4593880810701,aZbCIhweMZ8Lx6eUJtbRCw,51.4592770703614,-0.0434785736077451,10,2009,138.81407483428998,E8D452C3-6674-4802-A77A-2DD06BB51268,289079,289079_d,d
623,617555_d,6,0.3859579799330448,Other green,617555,E00019820,E00019820,E01003940,846846,-0.0858307797602892,51.4973154289298,IbHdz1VjyVfBm9VD63UxKg,51.4973408835365,-0.0858229871435315,6,2012,200.15912379245,4EC21291-C31C-40E8-9EE8-0DAA8D62E5A4,617555,617555_d,d
625,617575_d,9,0.075846098910674,Low-density,617575,E00019820,E00019820,E01003940,846874,-0.0847950370258502,51.4970305389288,5nIl98U44hmTu8L2_FyRig,51.4970341184478,-0.0847855884305889,5,2012,128.490665289551,7BA8292B-1B00-42B2-873D-ECD4F256B6B1,617575,617575_d,d
628,635714_d,10,0.2843622969426115,High-density,635714,E00015593,E00015593,E01003093,871690,-0.121868001105668,51.471059805511295,b4CFFvVjeCPMrc0uQkGQ0A,51.4710572963984,-0.12183440892358,10,2009,240.83597514815105,87A20E71-F52D-4D6B-9C5C-B348E84B23E7,635714,635714_d,d
630,635947_d,10,0.5573656320517885,High-density,635947,E00015593,E00015593,E01003093,872031,-0.122117000908481,51.47062168872,ofpI_GPy4fzhkQYx09RVRg,51.470569061936295,-0.122041187204853,5,2012,150.101098161385,B28B00E1-CA71-4359-ADD2-4B71660492F4,635947,635947_d,d
632,635740_d,13,0.4165532787860613,Estates,635740,E00015593,E00015593,E01003093,871731,-0.121076779366591,51.4709132932222,-NRjHOuSzFo0ZHTzAooKtw,51.4710057383409,-0.121165138889487,6,2008,149.26451229808,1BFB7DB0-2AB4-41AF-AF4C-DF961B09FD60,635740,635740_d,d
633,635721_d,13,0.2707014436054944,Estates,635721,E00015593,E00015593,E01003093,871697,-0.121976981486423,51.4719383154945,VJnqOAN2sizfTKC-QnzUtQ,51.4719090508325,-0.121969769066023,6,2008,150.018360631151,AD428B53-8338-4CFA-9D62-CCB587C38765,635721,635721_d,d
635,635713_d,10,0.4078999499886212,High-density,635713,E00015593,E00015593,E01003093,871689,-0.12161312428218,51.4711433938066,03sgT5BirnQ5ZDWpKa2uUQ,51.4711165372314,-0.121674826061416,5,2012,240.83597514815105,87A20E71-F52D-4D6B-9C5C-B348E84B23E7,635713,635713_d,d
636,635723_d,13,0.5358905826763232,Estates,635723,E00015593,E00015593,E01003093,871699,-0.121702138471102,51.47162234295,DcPYiyE1Y2uf8Q3Rp80rCQ,51.4715989417545,-0.121684335183955,6,2008,150.018360631151,AD428B53-8338-4CFA-9D62-CCB587C38765,635723,635723_d,d
639,635514_d,10,0.3919300370489167,High-density,635514,E00015593,E00015593,E01003093,871441,-0.121953535066462,51.4704315283424,Q1E4JS5QhxdIKm41gUNDJA,51.47055679340071,-0.122011611192856,10,2009,151.296664641227,26AD50B6-868F-41B8-8135-F7352006B156,635514,635514_d,d
640,635722_d,13,0.3467417082212845,Estates,635722,E00015593,E00015593,E01003093,871698,-0.121839559508935,51.4717803293,URVdDKr5WIDbxe0Rfbrsvw,51.4717930165154,-0.121858607492487,6,2008,150.018360631151,AD428B53-8338-4CFA-9D62-CCB587C38765,635722,635722_d,d
641,635942_d,15,0.0070096316733573,Commercial,635942,E00015593,E00015593,E01003093,872020,-0.122226397146199,51.4718485265864,FT2mVZ60eYzs8-p5C8IsMQ,51.471885992954206,-0.122438129182228,8,2011,215.83884356552895,75391E5C-67C3-4FDF-AA5F-DB22BEDEF2A4,635942,635942_d,d
642,635948_d,13,0.1784422888742709,Estates,635948,E00015593,E00015593,E01003093,872032,-0.12225405504362,51.470779798363104,BrKq2qEGXsc9RBjtPVT2pg,51.4707104256324,-0.122162368052337,5,2012,150.101098161385,B28B00E1-CA71-4359-ADD2-4B71660492F4,635948,635948_d,d
643,631127_d,1,0.052840990972749,Open green space,631127,E00016102,E00016102,E01003184,865361,-0.110564047079764,51.4739760337927,YLwbd3g0qzwKzSyUiLT3Sw,51.4738951927091,-0.110526118511737,7,2009,172.476974563094,68FD3A4E-0927-41F7-BF0C-9526442186FC,631127,631127_d,d
646,631128_d,1,0.1534871184564543,Open green space,631128,E00016102,E00016102,E01003184,865363,-0.109993848080563,51.47402605214021,IWew9rAbMkRKTBQOqkGpOw,51.4741030836557,-0.110533298339202,5,2012,183.203352967586,58B7B23E-54FC-4BAB-A017-98BF9E812C60,631128,631128_d,d
647,631125_d,6,0.008880799733588,Other green,631125,E00016102,E00016102,E01003184,865359,-0.1105125936360159,51.4736728443793,0vubZH9KyfByks7x2cnHkg,51.47368880544539,-0.110489905146628,8,2008,172.45311715065603,68FD3A4E-0927-41F7-BF0C-9526442186FC,631125,631125_d,d
649,631124_d,1,0.2888604266274338,Open green space,631124,E00016102,E00016102,E01003184,865358,-0.110482157076375,51.473494059894506,joFYp_4m2aD-GD1sAxdO0g,51.473459535659295,-0.1105072599287069,7,2009,186.356871740121,607C81DA-6B0C-47AD-A361-889886CF55DE,631124,631124_d,d
651,631120_d,1,0.2395171255263941,Open green space,631120,E00016102,E00016102,E01003184,865351,-0.109788319705238,51.47310203984861,3Z11PC8gXXEL4aQZ_ChPPw,51.473194802518215,-0.110501283044894,5,2012,191.634378651143,5FB827E1-AE72-4AB2-B77B-2ADEA164A071,631120,631120_d,d
652,631121_d,1,0.212702216802296,Open green space,631121,E00016102,E00016102,E01003184,865353,-0.110347727776162,51.4730168889194,-MDG8IJQF39lpdRsNncCUg,51.4730751908705,-0.11057583962578,6,2008,196.869167076765,E6B23CA9-2ED6-43BA-95CE-E04B8891B000,631121,631121_d,d
654,631122_d,1,0.171915776831937,Open green space,631122,E00016102,E00016102,E01003184,865356,-0.110576500254663,51.4732134743042,0akotHTciE3BGSfnR2P7mQ,51.4732047868841,-0.110505787089359,8,2008,191.634378651143,5FB827E1-AE72-4AB2-B77B-2ADEA164A071,631122,631122_d,d
655,631110_d,13,0.6171507378703764,Estates,631110,E00016102,E00016102,E01003184,865338,-0.111660352177419,51.474226954831714,OhidZ85Slpq_T6SybmwnXQ,51.4737579295208,-0.111946264132455,6,2008,109.290046219156,7258C33A-645F-4B71-B25D-EB6A713E5272,631110,631110_d,d
656,631126_d,1,0.150240030160597,Open green space,631126,E00016102,E00016102,E01003184,865360,-0.110542952652725,51.4738516340061,2MY9Bw97phOuutj3IvqAQA,51.473861052680704,-0.110519058211145,6,2008,172.476974563094,68FD3A4E-0927-41F7-BF0C-9526442186FC,631126,631126_d,d
658,631123_d,6,0.113205336159832,Other green,631123,E00016102,E00016102,E01003184,865357,-0.110511187413204,51.4733885785525,Mjbj842pzRqViYhlWBbD3w,51.4734387966765,-0.1104572706551699,8,2008,191.634378651143,5FB827E1-AE72-4AB2-B77B-2ADEA164A071,631123,631123_d,d
660,521521_d,4,0.0983207394944295,Low-density,521521,E00023972,E00023972,E01004737,719844,-0.130683946441014,51.4873087913852,UW6PECN9Ir5gLkxsgEWa8g,51.48731866024672,-0.130597925895984,5,2012,200.580098862017,BC64E30F-AC99-4660-881D-D4A0C5701589,521521,521521_d,d
662,521547_d,11,0.1797589856519628,Open green space,521547,E00023972,E00023972,E01004737,719873,-0.130205052042433,51.4875767474036,JND2nvKYp9R0D3UU88GTXg,51.48765940763761,-0.130403234746296,5,2012,199.427033743784,B4C63E80-3553-488B-A148-1E3898A1B4C6,521547,521547_d,d
663,521553_d,13,0.001,Estates,521553,E00023972,E00023972,E01004737,719883,-0.130928413735378,51.48825897455861,H7WEXznrktS3lGX59wCppQ,51.488006681188,-0.130326088577898,7,2008,207.20749366868,713280DF-D92F-4593-8409-6F965927AC48,521553,521553_d,d
664,521557_d,0,0.4488215260881989,Terraced,521557,E00023972,E00023972,E01004737,719889,-0.13009892747813,51.4881379809874,oblEcwLKvNLxlrgMV2ZQfQ,51.4881323010505,-0.130017585786788,5,2012,207.20749366868,713280DF-D92F-4593-8409-6F965927AC48,521557,521557_d,d
665,278428_d,1,0.1903882191587126,Open green space,278428,E00021555,E00021555,E01004280,387533,-0.0251528204339499,51.4933347466852,rUPMbYVU9P_m-pM-AJmyCQ,51.4933577341542,-0.025145540261078,10,2009,152.842296707894,5B81215F-2B59-4CA5-BE1A-F32F644A9906,278428,278428_d,d
666,278430_d,6,0.2200674446491644,Other green,278430,E00021555,E00021555,E01004280,387535,-0.0248979038690769,51.49327446076021,dpfTIB3MM00SUiihK_6Lyw,51.4932419790985,-0.0249133929960808,10,2009,182.25149496149,E787766E-D8D7-4B4C-82FF-D1D96F2E581D,278430,278430_d,d
668,278427_d,6,0.0907137257607696,Other green,278427,E00021555,E00021555,E01004280,387532,-0.0250283580196352,51.4931726127775,9CCIJDwXOlJlKdVmokSFYA,51.493237902365,-0.024911350781205,7,2008,182.25149496149,E787766E-D8D7-4B4C-82FF-D1D96F2E581D,278427,278427_d,d
670,278505_d,10,0.127915511443713,High-density,278505,E00021555,E00021555,E01004280,387650,-0.0251793294809117,51.49314417963329,pfXXhhA5RrQOErCBWywbrQ,51.4931498324033,-0.0252148680893476,10,2009,251.659052300315,B3CB76A4-0A61-4EA2-AD18-77DB0F1AE99B,278505,278505_d,d
672,278432_d,6,0.0328164778760765,Other green,278432,E00021555,E00021555,E01004280,387537,-0.0248839204279971,51.4935979613557,_9dNw16J1g6HsIqec3VGYQ,51.4936880459148,-0.024895989979182,6,2012,180.0,6B79A9E0-299C-433A-82F1-B7A90DD2BB8E,278432,278432_d,d
676,616572_d,14,0.001,Low-density,616572,E00020047,E00020047,E01003975,845559,-0.0746714841865416,51.497629318970006,_Cik1rj0z5xEo9rcWywo3w,51.4975224776447,-0.0746705121432926,9,2009,173.533622650191,B2BBDE1F-0422-49E5-87F8-090C8A58D324,616572,616572_d,d
677,616552_d,10,0.3380282722149447,High-density,616552,E00020047,E00020047,E01003975,845530,-0.0747771219589544,51.4979150335289,Lteo9HAqa9wzjxPjTG8VpA,51.4979028052032,-0.0748440696332988,7,2009,260.250483307516,6B09DD71-1C78-4EC6-A7C0-7F3041D8783F,616552,616552_d,d
678,616571_d,10,0.462837869907438,High-density,616571,E00020047,E00020047,E01003975,845558,-0.074444435985388,51.4982527509321,oGEIjxw_PwU5Fl3i9AoMMA,51.4982797647042,-0.0744714447952137,9,2009,265.65700785029,693E4D3E-03FD-4A97-83F7-A8B9409BFC1B,616571,616571_d,d
680,616581_d,10,0.6823439008446517,High-density,616581,E00020047,E00020047,E01003975,845574,-0.0738583905147437,51.4974809173569,ZnaVjrga8xEhSf6Lus7MhQ,51.4974834846731,-0.073791684137044,6,2008,168.537242647413,9C89943C-79A9-4526-AB2B-B789CF862829,616581,616581_d,d
682,616570_d,10,0.4536714563081553,High-density,616570,E00020047,E00020047,E01003975,845557,-0.0741567419497847,51.4982616723774,bEmUH-euehRcuxVKyNbJtg,51.498298656122,-0.0742301504556007,5,2012,265.65700785029,693E4D3E-03FD-4A97-83F7-A8B9409BFC1B,616570,616570_d,d
684,616551_d,13,0.0423540562154854,Estates,616551,E00020047,E00020047,E01003975,845529,-0.0750621932369096,51.4978892585699,QQ06-_b0wk4lZoEdDOyNjg,51.4979128290113,-0.0750381942424404,6,2008,260.254479346308,6B09DD71-1C78-4EC6-A7C0-7F3041D8783F,616551,616551_d,d
686,616582_d,13,0.226297391208842,Estates,616582,E00020047,E00020047,E01003975,845575,-0.0739081575138573,51.4976580034205,Q3PyOh7QSQqJ_BYjpfIdNQ,51.4977448179148,-0.0739193165566189,5,2012,168.548765912525,9C89943C-79A9-4526-AB2B-B789CF862829,616582,616582_d,d
688,616553_d,10,0.45652440858929,High-density,616553,E00020047,E00020047,E01003975,845531,-0.0744926154241856,51.4979430833137,BduJQjOTqu3FpSOQ6c1iwA,51.497933979600106,-0.0744773323373283,4,2012,259.114472945341,6B09DD71-1C78-4EC6-A7C0-7F3041D8783F,616553,616553_d,d
692,519129_d,10,0.4609003890334222,High-density,519129,E00015193,E00015193,E01003015,716534,-0.112919472678498,51.4930794174319,1ODAvACmNuMuWENGFRkY1A,51.4931112008596,-0.112957065161925,5,2012,127.558912543265,20629EAB-945E-4AAF-9BDC-969E71BC360A,519129,519129_d,d
693,519131_d,10,0.3429592682104774,High-density,519131,E00015193,E00015193,E01003015,716536,-0.113366845955155,51.4933059362001,MRSL8SvukRRplIZM1Z_W8g,51.493402356693295,-0.11350264344689,5,2012,127.558912543265,20629EAB-945E-4AAF-9BDC-969E71BC360A,519131,519131_d,d
695,519130_d,10,0.2303004559700235,High-density,519130,E00015193,E00015193,E01003015,716535,-0.113143173058429,51.4931926660198,--kCm2S4pQrKNBvzcagsnw,51.4932020211772,-0.113112225101857,6,2008,127.558912543265,20629EAB-945E-4AAF-9BDC-969E71BC360A,519130,519130_d,d
697,630975_d,13,0.344381335005084,Estates,630975,E00015193,E00015193,E01003015,865116,-0.110989885571367,51.4925166966115,HMiE7R4TMYn5JUY177cxVg,51.492568663446,-0.110981554565366,7,2008,180.0,A1405AE9-5A31-4BC0-9E4B-5651E371CED1,630975,630975_d,d
700,519132_d,13,0.0958670647103601,Estates,519132,E00015193,E00015193,E01003015,716537,-0.1135905199648109,51.4934192059628,Fq0Zvk0nALKEjyNpRvJ3DA,51.4934180513819,-0.113532016289851,6,2008,127.558912543265,20629EAB-945E-4AAF-9BDC-969E71BC360A,519132,519132_d,d
704,519127_d,6,0.115175845875652,Other green,519127,E00015193,E00015193,E01003015,716532,-0.112472092897968,51.4928529088161,4WT7jZyixq2OsMD-M_DhtA,51.49285392897821,-0.112470065771391,5,2012,127.567792210595,20629EAB-945E-4AAF-9BDC-969E71BC360A,519127,519127_d,d
705,615168_d,13,0.3755799924894929,Estates,615168,E00020193,E00020193,E01004013,843665,-0.0755724543665208,51.4768404448287,hIybSOWO0FcLA7m8E2A6hg,51.476844534430505,-0.0755552634015441,5,2012,256.09015735336897,A602C6E2-39DE-4EA3-A7C6-7AAA822C9947,615168,615168_d,d
706,615375_d,6,0.1373797137075847,Other green,615375,E00020193,E00020193,E01004013,843920,-0.0752528669675396,51.4754987623694,-mPbZqc7OH2kDR1S4oCgqg,51.4757008172546,-0.0753890443460074,6,2008,75.41108126712541,A273067D-915C-490F-86B5-BA8050F30A17,615375,615375_d,d
707,615138_d,13,0.5726034547812333,Estates,615138,E00020193,E00020193,E01004013,843630,-0.0757720214916782,51.47662950698,XR_I80hse8Ez5D39TVFGhA,51.4766496486407,-0.0757942372167588,6,2008,161.21137801755398,74733A6B-0B2D-4057-9AF6-DF2B70674F33,615138,615138_d,d
708,615169_d,13,0.1749288534033526,Estates,615169,E00020193,E00020193,E01004013,843666,-0.075420724409007,51.4768612059394,p-XWUu08YfLtrfUg6Kln5Q,51.4768656715629,-0.0753931298789928,5,2012,256.135219212919,A602C6E2-39DE-4EA3-A7C6-7AAA822C9947,615169,615169_d,d
709,615139_d,13,0.4857438483149554,Estates,615139,E00020193,E00020193,E01004013,843631,-0.0756616126942065,51.4764637429302,Tf2YPECtcEdFC0uUdqXSzA,51.4765172768245,-0.0756845936647292,5,2012,154.121093021038,74733A6B-0B2D-4057-9AF6-DF2B70674F33,615139,615139_d,d
710,615142_d,10,0.4539025345622779,High-density,615142,E00020193,E00020193,E01004013,843634,-0.0754691170645539,51.4759443597941,R3-YX6k_hSkhTacGHKXkxg,51.475969449398896,-0.0754805646151729,6,2008,172.19044962343003,74733A6B-0B2D-4057-9AF6-DF2B70674F33,615142,615142_d,d
711,615140_d,13,0.1938637044040103,Estates,615140,E00020193,E00020193,E01004013,843632,-0.0755427973104099,51.4762999760695,JQ4LuqANCbLTZN6D50T9Xg,51.4763264133873,-0.0755124562443939,6,2008,172.190449623195,74733A6B-0B2D-4057-9AF6-DF2B70674F33,615140,615140_d,d
712,615141_d,13,0.2580145739718681,Estates,615141,E00020193,E00020193,E01004013,843633,-0.0755007300700843,51.4761230632564,JabBvYt4ugajPFssthW52w,51.4761408082628,-0.0754912838037042,6,2008,172.19044962343003,74733A6B-0B2D-4057-9AF6-DF2B70674F33,615141,615141_d,d
716,617228_d,10,0.2979240792447177,High-density,617228,E00020049,E00020049,E01003975,846421,-0.0756239796831417,51.49742603932071,TUZruu3aqMGclrdC2vcu-g,51.4975034481382,-0.0756075133104998,5,2012,168.893463370287,940EA269-C397-46C6-9215-8B87AF3FDC94,617228,617228_d,d
717,616557_d,10,0.3668498796719346,High-density,616557,E00020049,E00020049,E01003975,845535,-0.0751987306783792,51.496933363231,hSRIngpy0HXsorqNqZASLg,51.496948363935786,-0.0752226637307227,9,2009,255.920022642773,83A41C71-4767-4F07-90D4-40A4721D46DE,616557,616557_d,d
722,615717_d,11,0.0886379907880492,Open green space,615717,E00020385,E00020385,E01004050,844360,-0.0840188478056215,51.4671785648429,12NXrZBnY9Roq2SXPDoUPQ,51.467402193618,-0.084161353701787,6,2008,152.783888442693,6F761EE6-A2EB-493D-83D5-AF6DCAD46992,615717,615717_d,d
724,615743_d,11,0.0164242739877433,Open green space,615743,E00020385,E00020385,E01004050,844399,-0.0833936671215868,51.46639669136599,XJ962FsEJM0e0KKkgBKN9A,51.466492534086285,-0.0834173009346658,5,2012,151.923786590146,50E7BE68-5667-40BF-855D-FB1994507F9C,615743,615743_d,d
727,617544_d,10,0.5812685819569434,High-density,617544,E00019816,E00019816,E01003940,846834,-0.0857474171077447,51.4978840868412,LxJMBsC3yC9hpHAfv4mmcQ,51.4978970760917,-0.0857143034136335,6,2012,155.024636080568,E69A8A6E-AB3A-4FA2-B287-308F136C8F4E,617544,617544_d,d
731,521588_d,13,0.253718978602128,Estates,521588,E00023973,E00023973,E01004737,719929,-0.130420628789502,51.4890774830103,t9LVM94ceMN2atTm0I7heQ,51.48906639392901,-0.1304665460453969,7,2012,125.468884545826,DB0FABC3-FCD6-43C7-96DB-99B12574D871,521588,521588_d,d
733,521587_d,13,0.1732072550116394,Estates,521587,E00023973,E00023973,E01004737,719928,-0.130650845106673,51.4891855078572,F_uG9cA-qynGukxnHzVerw,51.4891843664539,-0.130704011280998,8,2009,125.466612246322,DB0FABC3-FCD6-43C7-96DB-99B12574D871,521587,521587_d,d
735,523888_d,10,0.3534301225208053,High-density,523888,E00023982,E00023982,E01004737,723162,-0.132969184198343,51.48624060194899,d3aKLC9o3EO2J5QCIEZuYw,51.4862642999128,-0.132944418364406,8,2012,162.407575437818,FF9B6A7A-17BF-44C2-8492-A0289E8F73A2,523888,523888_d,d
742,635524_d,10,0.2747959148773805,High-density,635524,E00171523,E00171523,E01003093,871457,-0.121692628484855,51.4682861455336,RDDpXPhal6dBpvQab4yycA,51.46825061102261,-0.121628404507683,5,2012,159.64166200055,EA96FC08-B0D5-412E-84BF-30564791DA21,635524,635524_d,d
743,631041_d,13,0.1881544309918172,Estates,631041,E00016095,E00016095,E01003184,865220,-0.110692502931886,51.477022298162495,lSL1P7KltUNrDFqn5RTXJQ,51.477013813278106,-0.110668847150867,4,2012,252.545567810136,736CAC49-D9FC-4311-8ECD-4B0D5C5CA703,631041,631041_d,d
